fishery_location_id,fishery_id,water_body_id,project_id,fishery_name,location_id,location_code,location_type,survey_type,section_num,surveyor_num,p_census_bank,p_census_boat,indirect_census_bank,direct_census_bank,fishery_start_date,fishery_start_year,fishery_end_date,water_body_code,water_body_desc,location_desc,upper_rm,lower_rm,source_table,captured_at
23f9fd1d-c589-48ef-bdd3-6a92c35f77d2,05951e66-2711-4d22-a781-9e21752a419d,1e65263f-fd53-4e48-8262-391d5dd556ca,1e62d9c1-7d96-47b6-aa52-043e15bcee19,Skagit fall salmon 2021,95639308-398a-4da8-975a-1ee4bb600818,Mouth to Hwy. 536 at Mt. Vernon (Memorial Hwy. Bridge),Section,Census,1,1,1,1,NA,NA,2021-08-14,2021,2021-12-31,Skagit,Skagit River,from the mouth  to Hwy. 536 at Mt. Vernon (Memorial Hwy. Bridge),11.4,0,creel.vw_fishery_location,2026-09-02 16:47:56 PDT
10edf635-d9a3-4cb9-aa94-5998e42cbc0c,05951e66-2711-4d22-a781-9e21752a419d,1e65263f-fd53-4e48-8262-391d5dd556ca,1e62d9c1-7d96-47b6-aa52-043e15bcee19,Skagit fall salmon 2021,bf864946-2179-4e54-886a-9a5afffcd5cb,"Blakes Landing (NF Skagit, private ramp)",Site,Index,1,1,NA,NA,NA,NA,2021-08-14,2021,2021-12-31,Skagit,Skagit River,"Blakes Landing (NF Skagit, private ramp)",2.73,2.73,creel.vw_fishery_location,2026-09-02 16:47:56 PDT
6e5945ff-6373-4657-af50-aa81ac5c561b,05951e66-2711-4d22-a781-9e21752a419d,1e65263f-fd53-4e48-8262-391d5dd556ca,1e62d9c1-7d96-47b6-aa52-043e15bcee19,Skagit fall salmon 2021,4877fdcf-492f-4819-91fc-57b9f968719d,Spudhouse Access,Site,Index,1,1,NA,NA,NA,NA,2021-08-14,2021,2021-12-31,Skagit,Skagit River,Spudhouse Access,8.72,8.72,creel.vw_fishery_location,2026-09-02 16:47:56 PDT
5ed79600-e265-4347-a9b2-4eb07d26836c,05951e66-2711-4d22-a781-9e21752a419d,1e65263f-fd53-4e48-8262-391d5dd556ca,1e62d9c1-7d96-47b6-aa52-043e15bcee19,Skagit fall salmon 2021,41472230-f70a-4441-9488-06b3b034153a,"North Fork Access (NF Skagit, at Best Road bridge)",Site,Index,1,1,NA,NA,NA,NA,2021-08-14,2021,2021-12-31,Skagit,Skagit River,"North Fork Access (NF Skagit, at Best Road bridge)",4.55,4.55,creel.vw_fishery_location,2026-09-02 16:47:56 PDT
c8a40c57-e274-4433-814a-06026e78ea04,05951e66-2711-4d22-a781-9e21752a419d,1e65263f-fd53-4e48-8262-391d5dd556ca,1e62d9c1-7d96-47b6-aa52-043e15bcee19,Skagit fall salmon 2021,8c18e742-70e1-4366-98a0-b96ce202ad01,Edgewater Park,Site,Index,1,1,NA,NA,NA,NA,2021-08-14,2021,2021-12-31,Skagit,Skagit River,Edgewater Park,11.13,11.13,creel.vw_fishery_location,2026-09-02 16:47:56 PDT
e8f1f061-a691-4284-883f-5ded6c2af56a,05951e66-2711-4d22-a781-9e21752a419d,1e65263f-fd53-4e48-8262-391d5dd556ca,1e62d9c1-7d96-47b6-aa52-043e15bcee19,Skagit fall salmon 2021,6f28401b-7a2a-40ca-98de-e075f4c96450,Conway Boat Ramp (SF Skagit),Site,Index,1,1,NA,NA,NA,NA,2021-08-14,2021,2021-12-31,Skagit,Skagit River,Conway Boat Ramp (SF Skagit),4.42,4.42,creel.vw_fishery_location,2026-09-02 16:47:56 PDT
13b310f1-e189-4249-93d8-c00c8059b6b2,05951e66-2711-4d22-a781-9e21752a419d,1e65263f-fd53-4e48-8262-391d5dd556ca,1e62d9c1-7d96-47b6-aa52-043e15bcee19,Skagit fall salmon 2021,e4c0099f-f28a-41a2-b95a-9a947a326bf0,From Hwy. 536 at Mt. Vernon (Memorial Hwy. Bridge) to mouth of Gilligan Creek,Section,Census,2,1,1,1,NA,NA,2021-08-14,2021,2021-12-31,Skagit,Skagit River,from Hwy. 536 at Mt. Vernon (Memorial Hwy. Bridge) to mouth of Gilligan Creek,28.8,11.4,creel.vw_fishery_location,2026-09-02 16:47:56 PDT
5e70880a-768d-45ce-bc40-6368c4003539,05951e66-2711-4d22-a781-9e21752a419d,1e65263f-fd53-4e48-8262-391d5dd556ca,1e62d9c1-7d96-47b6-aa52-043e15bcee19,Skagit fall salmon 2021,200ae078-0d0a-408b-af97-ca6f70047bd9,Railroad Bar,Site,Index,2,1,NA,NA,NA,NA,2021-08-14,2021,2021-12-31,Skagit,Skagit River,Railroad Bar,16.2,16.2,creel.vw_fishery_location,2026-09-02 16:47:56 PDT
d5d18054-9ba8-4434-ab44-ffc70369d422,05951e66-2711-4d22-a781-9e21752a419d,1e65263f-fd53-4e48-8262-391d5dd556ca,1e62d9c1-7d96-47b6-aa52-043e15bcee19,Skagit fall salmon 2021,a5ac91d5-bb75-40b2-a157-3ccc149babfa,Sterling Road Access,Site,Index,2,1,NA,NA,NA,NA,2021-08-14,2021,2021-12-31,Skagit,Skagit River,Sterling Road Access,20.53,20.53,creel.vw_fishery_location,2026-09-02 16:47:56 PDT
93335224-b54e-43f4-aa6e-947c883978dc,05951e66-2711-4d22-a781-9e21752a419d,1e65263f-fd53-4e48-8262-391d5dd556ca,1e62d9c1-7d96-47b6-aa52-043e15bcee19,Skagit fall salmon 2021,41b55a15-0c7b-435d-8ecb-059fee145acf,Upper Young's Bar,Site,Index,2,1,NA,NA,NA,NA,2021-08-14,2021,2021-12-31,Skagit,Skagit River,Upper Young's Bar,12.1,12.1,creel.vw_fishery_location,2026-09-02 16:47:56 PDT
2dec0e75-8883-44b2-8b24-f0afa9660e02,05951e66-2711-4d22-a781-9e21752a419d,1e65263f-fd53-4e48-8262-391d5dd556ca,1e62d9c1-7d96-47b6-aa52-043e15bcee19,Skagit fall salmon 2021,7a6e69a1-8524-4ea7-98b2-5f0c5238fc27,Gilligan Creek Access downstream to Hwy. 9 Bridge,Site,Index,2,1,NA,NA,NA,NA,2021-08-14,2021,2021-12-31,Skagit,Skagit River,Gilligan Creek Access downstream to Hwy. 9 Bridge,28.4,22.52,creel.vw_fishery_location,2026-09-02 16:47:56 PDT
1cbb924c-81f6-4625-9749-02b14188a3cd,05951e66-2711-4d22-a781-9e21752a419d,1e65263f-fd53-4e48-8262-391d5dd556ca,1e62d9c1-7d96-47b6-aa52-043e15bcee19,Skagit fall salmon 2021,a76a9953-7d41-4c1c-8eb2-fbd5fa8f92b2,Riverfront Park,Site,Index,2,1,NA,NA,NA,NA,2021-08-14,2021,2021-12-31,Skagit,Skagit River,Riverfront Park,23.57,23.57,creel.vw_fishery_location,2026-09-02 16:47:56 PDT
f44868d4-183b-4781-8eb3-e375a1feaaa7,05951e66-2711-4d22-a781-9e21752a419d,1e65263f-fd53-4e48-8262-391d5dd556ca,1e62d9c1-7d96-47b6-aa52-043e15bcee19,Skagit fall salmon 2021,8059b5a5-2076-44b5-af5b-44b13c08ded0,Gardner Bar (aka Mayor Tjeerdsma launch),Site,Index,2,1,NA,NA,NA,NA,2021-08-14,2021,2021-12-31,Skagit,Skagit River,Gardner Bar (aka Mayor Tjeerdsma launch),18.17,18.17,creel.vw_fishery_location,2026-09-02 16:47:56 PDT
96cca59c-759d-4d08-b2c8-c44d1c0e256d,05951e66-2711-4d22-a781-9e21752a419d,1e65263f-fd53-4e48-8262-391d5dd556ca,1e62d9c1-7d96-47b6-aa52-043e15bcee19,Skagit fall salmon 2021,16a8a7a0-013c-416a-8227-df460289b0b0,Steelhead Club,Site,Index,2,1,NA,NA,NA,NA,2021-08-14,2021,2021-12-31,Skagit,Skagit River,"Only club parking lot inside fence, only vehicle & trailer combos. Watch for permanently parked rigs",24.33,24.33,creel.vw_fishery_location,2026-09-02 16:47:56 PDT
488435fe-80bb-4f8b-bcd4-93414336e339,05951e66-2711-4d22-a781-9e21752a419d,1e65263f-fd53-4e48-8262-391d5dd556ca,1e62d9c1-7d96-47b6-aa52-043e15bcee19,Skagit fall salmon 2021,3a94f0a0-7f59-41f7-b6c7-853b9b1e24d2,From mouth of Gilligan Creek to the Dalles Bridge at Concrete,Section,Census,3,2,1,1,NA,NA,2021-08-14,2021,2021-12-31,Skagit,Skagit River,from mouth of Gilligan Creek to the Dalles Bridge at Concrete,54.1,28.4,creel.vw_fishery_location,2026-09-02 16:47:56 PDT
d33c51aa-316e-49b8-8fe7-dc55590e6e96,05951e66-2711-4d22-a781-9e21752a419d,1e65263f-fd53-4e48-8262-391d5dd556ca,1e62d9c1-7d96-47b6-aa52-043e15bcee19,Skagit fall salmon 2021,caf9610b-1362-4006-8a84-7eaa969dd6ab,Hamilton WDFW boat launch,Site,Index,3,2,NA,NA,NA,NA,2021-08-14,2021,2021-12-31,Skagit,Skagit River,Hamilton WDFW boat launch,40.49,40.49,creel.vw_fishery_location,2026-09-02 16:47:56 PDT
0ad9e363-0cde-4a10-92ad-c7c296f6e3dd,05951e66-2711-4d22-a781-9e21752a419d,1e65263f-fd53-4e48-8262-391d5dd556ca,1e62d9c1-7d96-47b6-aa52-043e15bcee19,Skagit fall salmon 2021,4480db63-3897-4f9f-a687-33f40ba99fdc,Pressentin Creek Access downstream to Loretta Creek,Site,Index,3,2,NA,NA,NA,NA,2021-08-14,2021,2021-12-31,Skagit,Skagit River,Pressentin Creek Access downstream to Loretta Creek,47,37.15,creel.vw_fishery_location,2026-09-02 16:47:56 PDT
42227ac4-429c-44b9-ace9-a167321098d2,05951e66-2711-4d22-a781-9e21752a419d,1e65263f-fd53-4e48-8262-391d5dd556ca,1e62d9c1-7d96-47b6-aa52-043e15bcee19,Skagit fall salmon 2021,4f2f781d-e534-4d44-a35a-a8a08cb23bb6,Lyman Slough Conservation Area,Site,Index,3,2,NA,NA,NA,NA,2021-08-14,2021,2021-12-31,Skagit,Skagit River,Lyman Slough Conservation Area,34.56,34.56,creel.vw_fishery_location,2026-09-02 16:47:56 PDT
8c71b64a-900f-4f4b-b507-be8406c57283,05951e66-2711-4d22-a781-9e21752a419d,1e65263f-fd53-4e48-8262-391d5dd556ca,1e62d9c1-7d96-47b6-aa52-043e15bcee19,Skagit fall salmon 2021,dd8f7f90-3ade-4a0a-8974-d0144d2b4ae4,Lyman Ferry launch - north side of river,Site,Index,3,2,NA,NA,NA,NA,2021-08-14,2021,2021-12-31,Skagit,Skagit River,Lyman Ferry launch - north side of river,37.13,37.13,creel.vw_fishery_location,2026-09-02 16:47:56 PDT
7c59b1ee-ee7b-4287-9a56-35ccaadb92cf,05951e66-2711-4d22-a781-9e21752a419d,1e65263f-fd53-4e48-8262-391d5dd556ca,1e62d9c1-7d96-47b6-aa52-043e15bcee19,Skagit fall salmon 2021,5cda3da5-e126-43d5-9d2e-8829df625a18,Lyman Ferry DFW launch - south side of river,Site,Index,3,2,NA,NA,NA,NA,2021-08-14,2021,2021-12-31,Skagit,Skagit River,Lyman Ferry DFW launch - south side of river,37.13,37.13,creel.vw_fishery_location,2026-09-02 16:47:56 PDT
f346f8c3-3fa4-4963-a11b-386004c82c19,05951e66-2711-4d22-a781-9e21752a419d,1e65263f-fd53-4e48-8262-391d5dd556ca,1e62d9c1-7d96-47b6-aa52-043e15bcee19,Skagit fall salmon 2021,6530e537-8b2f-4697-8340-57a747c21496,Birdsview WDFW boat launch,Site,Index,3,2,NA,NA,NA,NA,2021-08-14,2021,2021-12-31,Skagit,Skagit River,Birdsview WDFW boat launch,47.13,47.13,creel.vw_fishery_location,2026-09-02 16:47:56 PDT
97c04be3-f46f-467e-8055-a97b79f6c93d,05951e66-2711-4d22-a781-9e21752a419d,1e65263f-fd53-4e48-8262-391d5dd556ca,1e62d9c1-7d96-47b6-aa52-043e15bcee19,Skagit fall salmon 2021,5c30b53e-1a17-4b26-ba0b-00bf2395ece7,Pressentin Creek pull off,Site,Index,3,2,NA,NA,NA,NA,2021-08-14,2021,2021-12-31,Skagit,Skagit River,Pressentin Creek pull off,47,47,creel.vw_fishery_location,2026-09-02 16:47:56 PDT
f7a439f0-473d-4707-b3ed-86517991be5d,05951e66-2711-4d22-a781-9e21752a419d,1e65263f-fd53-4e48-8262-391d5dd556ca,1e62d9c1-7d96-47b6-aa52-043e15bcee19,Skagit fall salmon 2021,c7aec180-1a5f-4935-a10c-3ee305978a2a,Above the east bank of the Baker River and below the west bank of the Baker River,Section,Census,4,3,1,1,NA,NA,2021-08-14,2021,2021-12-31,Skagit,Skagit River,Between a line projected across the thread of the river 200' above the east bank of the Baker River and a line projected across the thread of the river 200' below the west bank of the Baker River,56.37,56.49,creel.vw_fishery_location,2026-09-02 16:47:56 PDT
ff0c0bf7-11cf-45d7-abaf-46cf826745e3,05951e66-2711-4d22-a781-9e21752a419d,1e65263f-fd53-4e48-8262-391d5dd556ca,1e62d9c1-7d96-47b6-aa52-043e15bcee19,Skagit fall salmon 2021,4517c1b1-5a54-43e5-9cfd-ed83e862d629,Upstream of the mouth of the Baker River to the Hwy. 530 Bridge at Rockport,Section,Census,4,3,1,1,NA,NA,2021-08-14,2021,2021-12-31,Skagit,Skagit River,from a point 200' upstream of the mouth of the Baker River to the Hwy. 530 Bridge at Rockport,67.8,56.49,creel.vw_fishery_location,2026-09-02 16:47:56 PDT
611656ce-f75f-4328-a6e4-48cdc98928b6,05951e66-2711-4d22-a781-9e21752a419d,1e65263f-fd53-4e48-8262-391d5dd556ca,1e62d9c1-7d96-47b6-aa52-043e15bcee19,Skagit fall salmon 2021,9312c866-b1a3-47d6-a90e-cba6b133a699,From the Dalles Bridge at Concrete to 200' below the mouth of Baker River,Section,Census,4,3,1,1,NA,NA,2021-08-14,2021,2021-12-31,Skagit,Skagit River,from the Dalles Bridge at Concrete to 200' below the mouth of Baker River,56.37,54.1,creel.vw_fishery_location,2026-09-02 16:47:56 PDT
2f39983d-cf46-4194-975d-74dba3e2d65f,05951e66-2711-4d22-a781-9e21752a419d,1e65263f-fd53-4e48-8262-391d5dd556ca,1e62d9c1-7d96-47b6-aa52-043e15bcee19,Skagit fall salmon 2021,69ff15ff-ce1a-4b9b-a9ca-6c784bd8daec,Fabers South Access area and ramp,Site,Index,4,3,NA,NA,NA,NA,2021-08-14,2021,2021-12-31,Skagit,Skagit River,Fabers South Access area and ramp,62.05,62.05,creel.vw_fishery_location,2026-09-02 16:47:56 PDT
865b9606-faa5-4541-9432-e81d8bc697c1,05951e66-2711-4d22-a781-9e21752a419d,1e65263f-fd53-4e48-8262-391d5dd556ca,1e62d9c1-7d96-47b6-aa52-043e15bcee19,Skagit fall salmon 2021,82be4ec2-05ee-45d7-8837-f5fcf47b0425,Baker River Boat Ramp,Site,Index,4,3,NA,NA,NA,NA,2021-08-14,2021,2021-12-31,Skagit,Skagit River,Baker River Boat Ramp,56.46,56.46,creel.vw_fishery_location,2026-09-02 16:47:56 PDT
904abe40-607d-4abe-9193-7089c09bc956,05951e66-2711-4d22-a781-9e21752a419d,1e65263f-fd53-4e48-8262-391d5dd556ca,1e62d9c1-7d96-47b6-aa52-043e15bcee19,Skagit fall salmon 2021,63f0f3ae-8882-4000-82b1-9a3cc03d835b,Larsen Log downstream to Ovenells Heritage Inn driveway,Site,Index,4,3,NA,NA,NA,NA,2021-08-14,2021,2021-12-31,Skagit,Skagit River,Larsen Log downstream to Ovenells Heritage Inn driveway,60.83,57.8,creel.vw_fishery_location,2026-09-02 16:47:56 PDT
7fcf5863-dd63-4ab4-a839-46214f3733b7,05951e66-2711-4d22-a781-9e21752a419d,1e65263f-fd53-4e48-8262-391d5dd556ca,1e62d9c1-7d96-47b6-aa52-043e15bcee19,Skagit fall salmon 2021,9a5568a1-55c3-4a00-aba3-7f87b5d29821,Fabers North Access area and ramp,Site,Index,4,3,NA,NA,NA,NA,2021-08-14,2021,2021-12-31,Skagit,Skagit River,Fabers North Access area and ramp,62.05,62.05,creel.vw_fishery_location,2026-09-02 16:47:56 PDT
d7468bb1-443d-45ac-acac-b7b73841e8df,05951e66-2711-4d22-a781-9e21752a419d,1e65263f-fd53-4e48-8262-391d5dd556ca,1e62d9c1-7d96-47b6-aa52-043e15bcee19,Skagit fall salmon 2021,91d6c792-b717-4e92-854f-a109d73fdee2,Howard Miller Steelhead Park ramp,Site,Index,4,3,NA,NA,NA,NA,2021-08-14,2021,2021-12-31,Skagit,Skagit River,Howard Miller Steelhead Park ramp,67.72,67.72,creel.vw_fishery_location,2026-09-02 16:47:56 PDT
10c762c9-577c-4379-933c-436e9c5baf59,05951e66-2711-4d22-a781-9e21752a419d,1e65263f-fd53-4e48-8262-391d5dd556ca,1e62d9c1-7d96-47b6-aa52-043e15bcee19,Skagit fall salmon 2021,5a6e3bd0-05cd-4224-a7c4-63f18ea01357,From Hwy. 530 Bridge at Rockport to Cascade River Rd. (Marblemount Bridge).,Section,Census,5,3,1,1,NA,NA,2021-08-14,2021,2021-12-31,Skagit,Skagit River,from Hwy. 530 Bridge at Rockport to Cascade River Rd. (Marblemount Bridge).,78.2,67.8,creel.vw_fishery_location,2026-09-02 16:47:56 PDT
eb37f346-b656-4ff2-bb20-36c70cd08d6e,05951e66-2711-4d22-a781-9e21752a419d,1e65263f-fd53-4e48-8262-391d5dd556ca,1e62d9c1-7d96-47b6-aa52-043e15bcee19,Skagit fall salmon 2021,151e682e-b3c3-48ba-9625-e12ce9051487,101 hole (Car Body hole access point),Site,Index,5,3,NA,NA,NA,NA,2021-08-14,2021,2021-12-31,Skagit,Skagit River,101 hole (Car Body hole access point),72.2,72.2,creel.vw_fishery_location,2026-09-02 16:47:56 PDT
2fc4f3c7-9841-47b2-b786-8a9195e547c3,05951e66-2711-4d22-a781-9e21752a419d,1e65263f-fd53-4e48-8262-391d5dd556ca,1e62d9c1-7d96-47b6-aa52-043e15bcee19,Skagit fall salmon 2021,db286f8c-cafc-44cb-b60b-fe7219a588ef,Little eddy and Big eddy accesses,Site,Index,5,3,NA,NA,NA,NA,2021-08-14,2021,2021-12-31,Skagit,Skagit River,Little eddy and Big eddy accesses,77.8,77.8,creel.vw_fishery_location,2026-09-02 16:47:56 PDT
e0bccbd5-4a30-4563-8a44-2c18e4594312,05951e66-2711-4d22-a781-9e21752a419d,1e65263f-fd53-4e48-8262-391d5dd556ca,1e62d9c1-7d96-47b6-aa52-043e15bcee19,Skagit fall salmon 2021,1dae3080-282e-4830-a261-776a33a00cd5,Marblemount Bridge (Witham Boat Ramp),Site,Index,5,3,NA,NA,NA,NA,2021-08-14,2021,2021-12-31,Skagit,Skagit River,Marblemount Bridge (Witham Boat Ramp),78.2,78.2,creel.vw_fishery_location,2026-09-02 16:47:56 PDT
faacff8b-39e1-4d27-90cd-4cfdd03d5c7b,05951e66-2711-4d22-a781-9e21752a419d,1e65263f-fd53-4e48-8262-391d5dd556ca,1e62d9c1-7d96-47b6-aa52-043e15bcee19,Skagit fall salmon 2021,3e44e4f9-8ede-4f35-ae32-cf4e2470cc69,Swift/Sutter rest stop,Site,Index,5,3,NA,NA,NA,NA,2021-08-14,2021,2021-12-31,Skagit,Skagit River,Swift/Sutter rest stop,71.18,70.66,creel.vw_fishery_location,2026-09-02 16:47:56 PDT
2567a3de-cb3d-4dff-99b7-5778bc119df1,05951e66-2711-4d22-a781-9e21752a419d,1e65263f-fd53-4e48-8262-391d5dd556ca,1e62d9c1-7d96-47b6-aa52-043e15bcee19,Skagit fall salmon 2021,129ab219-e85a-44bf-862a-c97965b53a8f,Jackman Creek bridge,Site,Index,5,3,NA,NA,NA,NA,2021-08-14,2021,2021-12-31,Skagit,Skagit River,Jackman Creek bridge,58.25,58.25,creel.vw_fishery_location,2026-09-02 16:47:56 PDT
dee75ab6-988b-416b-850d-34c22c6b5c13,05951e66-2711-4d22-a781-9e21752a419d,1e65263f-fd53-4e48-8262-391d5dd556ca,1e62d9c1-7d96-47b6-aa52-043e15bcee19,Skagit fall salmon 2021,9a8ffee0-ebb5-4107-b052-893329b42fbe,Chapel Hole,Site,Index,5,3,NA,NA,NA,NA,2021-08-14,2021,2021-12-31,Skagit,Skagit River,Chapel Hole,75.48,75.48,creel.vw_fishery_location,2026-09-02 16:47:56 PDT
036cbc71-55eb-4bdf-948f-3f811d922cca,05951e66-2711-4d22-a781-9e21752a419d,1e65263f-fd53-4e48-8262-391d5dd556ca,1e62d9c1-7d96-47b6-aa52-043e15bcee19,Skagit fall salmon 2021,3515b1ac-0d72-4063-af4b-2f0c7057dd76,Martin Launch (primitive Ramp across from Howard Miller Park),Site,Index,5,3,NA,NA,NA,NA,2021-08-14,2021,2021-12-31,Skagit,Skagit River,Martin Launch (primitive Ramp across from Howard Miller Park),67.72,67.72,creel.vw_fishery_location,2026-09-02 16:47:56 PDT
7d7b6156-044c-430c-8aeb-3292eabf07b5,5f7d4b1d-9389-4577-b03b-e8cae2c9ed53,1e65263f-fd53-4e48-8262-391d5dd556ca,1e62d9c1-7d96-47b6-aa52-043e15bcee19,Skagit fall salmon 2022,95639308-398a-4da8-975a-1ee4bb600818,Mouth to Hwy. 536 at Mt. Vernon (Memorial Hwy. Bridge),Section,Census,1,1,1,1,NA,NA,2022-09-01,2022,2022-11-30,Skagit,Skagit River,from the mouth  to Hwy. 536 at Mt. Vernon (Memorial Hwy. Bridge),11.4,0,creel.vw_fishery_location,2026-09-02 16:47:56 PDT
46297ca0-f20d-4155-ae4c-7961469a3c2b,5f7d4b1d-9389-4577-b03b-e8cae2c9ed53,1e65263f-fd53-4e48-8262-391d5dd556ca,1e62d9c1-7d96-47b6-aa52-043e15bcee19,Skagit fall salmon 2022,bf864946-2179-4e54-886a-9a5afffcd5cb,"Blakes Landing (NF Skagit, private ramp)",Site,Index,1,1,NA,NA,NA,NA,2022-09-01,2022,2022-11-30,Skagit,Skagit River,"Blakes Landing (NF Skagit, private ramp)",2.73,2.73,creel.vw_fishery_location,2026-09-02 16:47:56 PDT
c7361cc2-8e84-4233-a790-cf3d13da640d,5f7d4b1d-9389-4577-b03b-e8cae2c9ed53,1e65263f-fd53-4e48-8262-391d5dd556ca,1e62d9c1-7d96-47b6-aa52-043e15bcee19,Skagit fall salmon 2022,1882e5d0-5790-4de8-935a-ff17a4610bc6,"Moore Rd Boat Ramp (NF Skagit, private ramp)",Site,Index,1,1,1,1,NA,NA,2022-09-01,2022,2022-11-30,Skagit,Skagit River,"Moore Rd Boat Ramp (NF Skagit, private ramp)",5.1,5.1,creel.vw_fishery_location,2026-09-02 16:47:56 PDT
e155798e-789a-4164-8caa-0eab2d080263,5f7d4b1d-9389-4577-b03b-e8cae2c9ed53,1e65263f-fd53-4e48-8262-391d5dd556ca,1e62d9c1-7d96-47b6-aa52-043e15bcee19,Skagit fall salmon 2022,055362b5-1524-41a6-85be-6cbc7d0828d6,"Skagit City Access (SF Skagit, N. end of Fir Island)",Site,Index,1,1,NA,NA,NA,NA,2022-09-01,2022,2022-11-30,Skagit,Skagit River,"Skagit City Access (SF Skagit, N. end of Fir Island)",7.46,7.46,creel.vw_fishery_location,2026-09-02 16:47:56 PDT
bbfda141-94af-4212-baad-35e7fe407082,5f7d4b1d-9389-4577-b03b-e8cae2c9ed53,1e65263f-fd53-4e48-8262-391d5dd556ca,1e62d9c1-7d96-47b6-aa52-043e15bcee19,Skagit fall salmon 2022,41472230-f70a-4441-9488-06b3b034153a,"North Fork Access (NF Skagit, at Best Road bridge)",Site,Index,1,1,NA,NA,NA,NA,2022-09-01,2022,2022-11-30,Skagit,Skagit River,"North Fork Access (NF Skagit, at Best Road bridge)",4.55,4.55,creel.vw_fishery_location,2026-09-02 16:47:56 PDT
5ef84ebd-0a1b-4926-a725-fe2d33a9b233,5f7d4b1d-9389-4577-b03b-e8cae2c9ed53,1e65263f-fd53-4e48-8262-391d5dd556ca,1e62d9c1-7d96-47b6-aa52-043e15bcee19,Skagit fall salmon 2022,8c18e742-70e1-4366-98a0-b96ce202ad01,Edgewater Park,Site,Index,1,1,NA,NA,NA,NA,2022-09-01,2022,2022-11-30,Skagit,Skagit River,Edgewater Park,11.13,11.13,creel.vw_fishery_location,2026-09-02 16:47:56 PDT
e78dfa9f-d5b2-44d9-9e23-14c7e77ff882,5f7d4b1d-9389-4577-b03b-e8cae2c9ed53,1e65263f-fd53-4e48-8262-391d5dd556ca,1e62d9c1-7d96-47b6-aa52-043e15bcee19,Skagit fall salmon 2022,6f28401b-7a2a-40ca-98de-e075f4c96450,Conway Boat Ramp (SF Skagit),Site,Index,1,1,NA,NA,NA,NA,2022-09-01,2022,2022-11-30,Skagit,Skagit River,Conway Boat Ramp (SF Skagit),4.42,4.42,creel.vw_fishery_location,2026-09-02 16:47:56 PDT
deeaceaf-693c-4331-9a8d-3bccada3d874,5f7d4b1d-9389-4577-b03b-e8cae2c9ed53,1e65263f-fd53-4e48-8262-391d5dd556ca,1e62d9c1-7d96-47b6-aa52-043e15bcee19,Skagit fall salmon 2022,4877fdcf-492f-4819-91fc-57b9f968719d,Spudhouse Access,Site,Index,1,1,NA,NA,NA,NA,2022-09-01,2022,2022-11-30,Skagit,Skagit River,Spudhouse Access,8.72,8.72,creel.vw_fishery_location,2026-09-02 16:47:56 PDT
f33b8fc2-82e8-4252-bf0a-43d08ac593d8,5f7d4b1d-9389-4577-b03b-e8cae2c9ed53,1e65263f-fd53-4e48-8262-391d5dd556ca,1e62d9c1-7d96-47b6-aa52-043e15bcee19,Skagit fall salmon 2022,8a3d4571-9dff-4803-ab09-6a41ec0bade5,From Hwy. 536 at Mt. Vernon (Memorial Hwy. Bridge) to Hwy. 9 Bridge,Section,Census,2,2,1,1,NA,NA,2022-09-01,2022,2022-11-30,Skagit,Skagit River,From Hwy. 536 at Mt. Vernon (Memorial Hwy. Bridge) to Hwy. 9 Bridge,22.5,11.14,creel.vw_fishery_location,2026-09-02 16:47:56 PDT
926f37f8-4a02-492f-bb95-a2dfca8f6264,5f7d4b1d-9389-4577-b03b-e8cae2c9ed53,1e65263f-fd53-4e48-8262-391d5dd556ca,1e62d9c1-7d96-47b6-aa52-043e15bcee19,Skagit fall salmon 2022,a5ac91d5-bb75-40b2-a157-3ccc149babfa,Sterling Road Access,Site,Index,2,2,NA,NA,NA,NA,2022-09-01,2022,2022-11-30,Skagit,Skagit River,Sterling Road Access,20.53,20.53,creel.vw_fishery_location,2026-09-02 16:47:56 PDT
4e997bff-6981-4b2a-aa16-4293534e82f0,5f7d4b1d-9389-4577-b03b-e8cae2c9ed53,1e65263f-fd53-4e48-8262-391d5dd556ca,1e62d9c1-7d96-47b6-aa52-043e15bcee19,Skagit fall salmon 2022,200ae078-0d0a-408b-af97-ca6f70047bd9,Railroad Bar,Site,Index,2,2,NA,NA,NA,NA,2022-09-01,2022,2022-11-30,Skagit,Skagit River,Railroad Bar,16.2,16.2,creel.vw_fishery_location,2026-09-02 16:47:56 PDT
c15d6422-8f19-442c-b006-80666d3072b0,5f7d4b1d-9389-4577-b03b-e8cae2c9ed53,1e65263f-fd53-4e48-8262-391d5dd556ca,1e62d9c1-7d96-47b6-aa52-043e15bcee19,Skagit fall salmon 2022,8059b5a5-2076-44b5-af5b-44b13c08ded0,Gardner Bar (aka Mayor Tjeerdsma launch),Site,Index,2,2,NA,NA,NA,NA,2022-09-01,2022,2022-11-30,Skagit,Skagit River,Gardner Bar (aka Mayor Tjeerdsma launch),18.17,18.17,creel.vw_fishery_location,2026-09-02 16:47:56 PDT
05feef5d-6f4a-4dc4-a195-d327dfe5f533,5f7d4b1d-9389-4577-b03b-e8cae2c9ed53,1e65263f-fd53-4e48-8262-391d5dd556ca,1e62d9c1-7d96-47b6-aa52-043e15bcee19,Skagit fall salmon 2022,41b55a15-0c7b-435d-8ecb-059fee145acf,Upper Young's Bar,Site,Index,2,1,NA,NA,NA,NA,2022-09-01,2022,2022-11-30,Skagit,Skagit River,Upper Young's Bar,12.1,12.1,creel.vw_fishery_location,2026-09-02 16:47:56 PDT
ee3729dd-fcb7-4a5e-9d6f-d2f296d302cc,5f7d4b1d-9389-4577-b03b-e8cae2c9ed53,1e65263f-fd53-4e48-8262-391d5dd556ca,1e62d9c1-7d96-47b6-aa52-043e15bcee19,Skagit fall salmon 2022,464f1f1a-1a86-4f7c-b6d9-a358893f7a78,From Hwy. 9 Bridge to mouth of Gilligan Creek,Section,Census,3,3,1,1,NA,NA,2022-09-01,2022,2022-11-30,Skagit,Skagit River,From Hwy. 9 Bridge to mouth of Gilligan Creek,28.4,22.5,creel.vw_fishery_location,2026-09-02 16:47:56 PDT
5fdaab5d-e43c-48a6-bb07-44b4c6323557,5f7d4b1d-9389-4577-b03b-e8cae2c9ed53,1e65263f-fd53-4e48-8262-391d5dd556ca,1e62d9c1-7d96-47b6-aa52-043e15bcee19,Skagit fall salmon 2022,16a8a7a0-013c-416a-8227-df460289b0b0,Steelhead Club,Site,Index,3,3,NA,NA,NA,NA,2022-09-01,2022,2022-11-30,Skagit,Skagit River,"Only club parking lot inside fence, only vehicle & trailer combos. Watch for permanently parked rigs",24.33,24.33,creel.vw_fishery_location,2026-09-02 16:47:56 PDT
d2444c58-8532-41db-ad1d-b38f4aff276c,5f7d4b1d-9389-4577-b03b-e8cae2c9ed53,1e65263f-fd53-4e48-8262-391d5dd556ca,1e62d9c1-7d96-47b6-aa52-043e15bcee19,Skagit fall salmon 2022,a76a9953-7d41-4c1c-8eb2-fbd5fa8f92b2,Riverfront Park,Site,Index,3,3,NA,NA,NA,NA,2022-09-01,2022,2022-11-30,Skagit,Skagit River,Riverfront Park,23.57,23.57,creel.vw_fishery_location,2026-09-02 16:47:56 PDT
5144364e-a9e8-4fb9-a317-c5aede4ede81,5f7d4b1d-9389-4577-b03b-e8cae2c9ed53,1e65263f-fd53-4e48-8262-391d5dd556ca,1e62d9c1-7d96-47b6-aa52-043e15bcee19,Skagit fall salmon 2022,7a6e69a1-8524-4ea7-98b2-5f0c5238fc27,Gilligan Creek Access downstream to Hwy. 9 Bridge,Site,Index,3,3,NA,NA,NA,NA,2022-09-01,2022,2022-11-30,Skagit,Skagit River,Gilligan Creek Access downstream to Hwy. 9 Bridge,28.4,22.52,creel.vw_fishery_location,2026-09-02 16:47:56 PDT
605f0284-4aa2-4fe6-a20a-0afb1ea4adf9,5f7d4b1d-9389-4577-b03b-e8cae2c9ed53,1e65263f-fd53-4e48-8262-391d5dd556ca,1e62d9c1-7d96-47b6-aa52-043e15bcee19,Skagit fall salmon 2022,3a94f0a0-7f59-41f7-b6c7-853b9b1e24d2,From mouth of Gilligan Creek to the Dalles Bridge at Concrete,Section,Census,4,3,1,1,NA,NA,2022-09-01,2022,2022-11-30,Skagit,Skagit River,from mouth of Gilligan Creek to the Dalles Bridge at Concrete,54.1,28.4,creel.vw_fishery_location,2026-09-02 16:47:56 PDT
e1cd0743-24cb-41ed-b3c7-8f94bfa892e6,5f7d4b1d-9389-4577-b03b-e8cae2c9ed53,1e65263f-fd53-4e48-8262-391d5dd556ca,1e62d9c1-7d96-47b6-aa52-043e15bcee19,Skagit fall salmon 2022,caf9610b-1362-4006-8a84-7eaa969dd6ab,Hamilton WDFW boat launch,Site,Index,4,3,NA,NA,NA,NA,2022-09-01,2022,2022-11-30,Skagit,Skagit River,Hamilton WDFW boat launch,40.49,40.49,creel.vw_fishery_location,2026-09-02 16:47:56 PDT
b74dd8c2-a223-452d-bc52-dbe37ab82e95,5f7d4b1d-9389-4577-b03b-e8cae2c9ed53,1e65263f-fd53-4e48-8262-391d5dd556ca,1e62d9c1-7d96-47b6-aa52-043e15bcee19,Skagit fall salmon 2022,4f2f781d-e534-4d44-a35a-a8a08cb23bb6,Lyman Slough Conservation Area,Site,Index,4,3,NA,NA,NA,NA,2022-09-01,2022,2022-11-30,Skagit,Skagit River,Lyman Slough Conservation Area,34.56,34.56,creel.vw_fishery_location,2026-09-02 16:47:56 PDT
b7449d51-a9a2-49ec-b661-32ae73fb98c1,5f7d4b1d-9389-4577-b03b-e8cae2c9ed53,1e65263f-fd53-4e48-8262-391d5dd556ca,1e62d9c1-7d96-47b6-aa52-043e15bcee19,Skagit fall salmon 2022,dd8f7f90-3ade-4a0a-8974-d0144d2b4ae4,Lyman Ferry launch - north side of river,Site,Index,4,3,NA,NA,NA,NA,2022-09-01,2022,2022-11-30,Skagit,Skagit River,Lyman Ferry launch - north side of river,37.13,37.13,creel.vw_fishery_location,2026-09-02 16:47:56 PDT
7bba6cb1-c9af-47e5-9655-2f7e7d399317,5f7d4b1d-9389-4577-b03b-e8cae2c9ed53,1e65263f-fd53-4e48-8262-391d5dd556ca,1e62d9c1-7d96-47b6-aa52-043e15bcee19,Skagit fall salmon 2022,4480db63-3897-4f9f-a687-33f40ba99fdc,Pressentin Creek Access downstream to Loretta Creek,Site,Index,4,3,NA,NA,NA,NA,2022-09-01,2022,2022-11-30,Skagit,Skagit River,Pressentin Creek Access downstream to Loretta Creek,47,37.15,creel.vw_fishery_location,2026-09-02 16:47:56 PDT
a7c8a4cc-9c21-427d-afe6-3a2e5ee8c9f8,5f7d4b1d-9389-4577-b03b-e8cae2c9ed53,1e65263f-fd53-4e48-8262-391d5dd556ca,1e62d9c1-7d96-47b6-aa52-043e15bcee19,Skagit fall salmon 2022,5cda3da5-e126-43d5-9d2e-8829df625a18,Lyman Ferry DFW launch - south side of river,Site,Index,4,3,NA,NA,NA,NA,2022-09-01,2022,2022-11-30,Skagit,Skagit River,Lyman Ferry DFW launch - south side of river,37.13,37.13,creel.vw_fishery_location,2026-09-02 16:47:56 PDT
ef3cb1f5-c64c-4321-86dd-21f82b090a0a,5f7d4b1d-9389-4577-b03b-e8cae2c9ed53,1e65263f-fd53-4e48-8262-391d5dd556ca,1e62d9c1-7d96-47b6-aa52-043e15bcee19,Skagit fall salmon 2022,6530e537-8b2f-4697-8340-57a747c21496,Birdsview WDFW boat launch,Site,Index,4,3,NA,NA,NA,NA,2022-09-01,2022,2022-11-30,Skagit,Skagit River,Birdsview WDFW boat launch,47.13,47.13,creel.vw_fishery_location,2026-09-02 16:47:56 PDT
a13c7672-54b1-406d-a2ad-4b860282cf8e,5f7d4b1d-9389-4577-b03b-e8cae2c9ed53,1e65263f-fd53-4e48-8262-391d5dd556ca,1e62d9c1-7d96-47b6-aa52-043e15bcee19,Skagit fall salmon 2022,26159abe-296c-4b40-bfef-df501521dd66,From the Dalles Bridge at Concrete to the Hwy. 530 Bridge at Rockport,Section,Census,5,4,1,1,NA,NA,2022-09-01,2022,2022-11-30,Skagit,Skagit River,From the Dalles Bridge at Concrete to the Hwy. 530 Bridge at Rockport,56.37,54.1,creel.vw_fishery_location,2026-09-02 16:47:56 PDT
b1da1f22-0f8f-4b1d-a5bb-21729c5f33de,5f7d4b1d-9389-4577-b03b-e8cae2c9ed53,1e65263f-fd53-4e48-8262-391d5dd556ca,1e62d9c1-7d96-47b6-aa52-043e15bcee19,Skagit fall salmon 2022,69ff15ff-ce1a-4b9b-a9ca-6c784bd8daec,Fabers South Access area and ramp,Site,Index,5,4,NA,NA,NA,NA,2022-09-01,2022,2022-11-30,Skagit,Skagit River,Fabers South Access area and ramp,62.05,62.05,creel.vw_fishery_location,2026-09-02 16:47:56 PDT
7925ac6b-9575-45a1-ba4e-22dcd2a4fd39,5f7d4b1d-9389-4577-b03b-e8cae2c9ed53,1e65263f-fd53-4e48-8262-391d5dd556ca,1e62d9c1-7d96-47b6-aa52-043e15bcee19,Skagit fall salmon 2022,3515b1ac-0d72-4063-af4b-2f0c7057dd76,Martin Launch (primitive Ramp across from Howard Miller Park),Site,Index,5,4,NA,NA,NA,NA,2022-09-01,2022,2022-11-30,Skagit,Skagit River,Martin Launch (primitive Ramp across from Howard Miller Park),67.72,67.72,creel.vw_fishery_location,2026-09-02 16:47:56 PDT
0609d3c9-d349-42b0-8248-f204def0544d,5f7d4b1d-9389-4577-b03b-e8cae2c9ed53,1e65263f-fd53-4e48-8262-391d5dd556ca,1e62d9c1-7d96-47b6-aa52-043e15bcee19,Skagit fall salmon 2022,63f0f3ae-8882-4000-82b1-9a3cc03d835b,Larsen Log downstream to Ovenells Heritage Inn driveway,Site,Index,5,4,NA,NA,NA,NA,2022-09-01,2022,2022-11-30,Skagit,Skagit River,Larsen Log downstream to Ovenells Heritage Inn driveway,60.83,57.8,creel.vw_fishery_location,2026-09-02 16:47:56 PDT
0c50e168-8f24-4a3e-bca6-ec8f635c5f40,5f7d4b1d-9389-4577-b03b-e8cae2c9ed53,1e65263f-fd53-4e48-8262-391d5dd556ca,1e62d9c1-7d96-47b6-aa52-043e15bcee19,Skagit fall salmon 2022,91d6c792-b717-4e92-854f-a109d73fdee2,Howard Miller Steelhead Park ramp,Site,Index,5,4,NA,NA,NA,NA,2022-09-01,2022,2022-11-30,Skagit,Skagit River,Howard Miller Steelhead Park ramp,67.72,67.72,creel.vw_fishery_location,2026-09-02 16:47:56 PDT
7a2f54c8-ae6b-400e-a718-c9760142c362,5f7d4b1d-9389-4577-b03b-e8cae2c9ed53,1e65263f-fd53-4e48-8262-391d5dd556ca,1e62d9c1-7d96-47b6-aa52-043e15bcee19,Skagit fall salmon 2022,82be4ec2-05ee-45d7-8837-f5fcf47b0425,Baker River Boat Ramp,Site,Index,5,4,NA,NA,NA,NA,2022-09-01,2022,2022-11-30,Skagit,Skagit River,Baker River Boat Ramp,56.46,56.46,creel.vw_fishery_location,2026-09-02 16:47:56 PDT
704fb6b0-cd33-4c51-b79f-7f55386f92b1,5f7d4b1d-9389-4577-b03b-e8cae2c9ed53,1e65263f-fd53-4e48-8262-391d5dd556ca,1e62d9c1-7d96-47b6-aa52-043e15bcee19,Skagit fall salmon 2022,9a5568a1-55c3-4a00-aba3-7f87b5d29821,Fabers North Access area and ramp,Site,Index,5,4,NA,NA,NA,NA,2022-09-01,2022,2022-11-30,Skagit,Skagit River,Fabers North Access area and ramp,62.05,62.05,creel.vw_fishery_location,2026-09-02 16:47:56 PDT
50589f41-f136-4da8-b247-4bf76ca0bffe,5f7d4b1d-9389-4577-b03b-e8cae2c9ed53,1e65263f-fd53-4e48-8262-391d5dd556ca,1e62d9c1-7d96-47b6-aa52-043e15bcee19,Skagit fall salmon 2022,5a6e3bd0-05cd-4224-a7c4-63f18ea01357,From Hwy. 530 Bridge at Rockport to Cascade River Rd. (Marblemount Bridge).,Section,Census,6,5,1,1,NA,NA,2022-09-01,2022,2022-11-30,Skagit,Skagit River,from Hwy. 530 Bridge at Rockport to Cascade River Rd. (Marblemount Bridge).,78.2,67.8,creel.vw_fishery_location,2026-09-02 16:47:56 PDT
8072c01b-c95f-4284-867c-9ebe16ea03f5,5f7d4b1d-9389-4577-b03b-e8cae2c9ed53,1e65263f-fd53-4e48-8262-391d5dd556ca,1e62d9c1-7d96-47b6-aa52-043e15bcee19,Skagit fall salmon 2022,3e44e4f9-8ede-4f35-ae32-cf4e2470cc69,Swift/Sutter rest stop,Site,Index,6,5,NA,NA,NA,NA,2022-09-01,2022,2022-11-30,Skagit,Skagit River,Swift/Sutter rest stop,71.18,70.66,creel.vw_fishery_location,2026-09-02 16:47:56 PDT
52424f1c-3466-4e36-972c-0adec818d667,5f7d4b1d-9389-4577-b03b-e8cae2c9ed53,1e65263f-fd53-4e48-8262-391d5dd556ca,1e62d9c1-7d96-47b6-aa52-043e15bcee19,Skagit fall salmon 2022,9a8ffee0-ebb5-4107-b052-893329b42fbe,Chapel Hole,Site,Index,6,5,NA,NA,NA,NA,2022-09-01,2022,2022-11-30,Skagit,Skagit River,Chapel Hole,75.48,75.48,creel.vw_fishery_location,2026-09-02 16:47:56 PDT
bb617c29-f968-46d8-8c33-386f70ae73d9,5f7d4b1d-9389-4577-b03b-e8cae2c9ed53,1e65263f-fd53-4e48-8262-391d5dd556ca,1e62d9c1-7d96-47b6-aa52-043e15bcee19,Skagit fall salmon 2022,151e682e-b3c3-48ba-9625-e12ce9051487,101 hole (Car Body hole access point),Site,Index,6,5,NA,NA,NA,NA,2022-09-01,2022,2022-11-30,Skagit,Skagit River,101 hole (Car Body hole access point),72.2,72.2,creel.vw_fishery_location,2026-09-02 16:47:56 PDT
e1c069b3-a803-4a20-8426-a04949a31879,5f7d4b1d-9389-4577-b03b-e8cae2c9ed53,1e65263f-fd53-4e48-8262-391d5dd556ca,1e62d9c1-7d96-47b6-aa52-043e15bcee19,Skagit fall salmon 2022,129ab219-e85a-44bf-862a-c97965b53a8f,Jackman Creek bridge,Site,Index,6,4,NA,NA,NA,NA,2022-09-01,2022,2022-11-30,Skagit,Skagit River,Jackman Creek bridge,58.25,58.25,creel.vw_fishery_location,2026-09-02 16:47:56 PDT
0b3f2441-187a-452a-8110-59e4990d7678,5f7d4b1d-9389-4577-b03b-e8cae2c9ed53,1e65263f-fd53-4e48-8262-391d5dd556ca,1e62d9c1-7d96-47b6-aa52-043e15bcee19,Skagit fall salmon 2022,db286f8c-cafc-44cb-b60b-fe7219a588ef,Little eddy and Big eddy accesses,Site,Index,6,5,NA,NA,NA,NA,2022-09-01,2022,2022-11-30,Skagit,Skagit River,Little eddy and Big eddy accesses,77.8,77.8,creel.vw_fishery_location,2026-09-02 16:47:56 PDT
9d8545d3-1068-408e-b84a-b9a9a4dfc203,5f7d4b1d-9389-4577-b03b-e8cae2c9ed53,1e65263f-fd53-4e48-8262-391d5dd556ca,1e62d9c1-7d96-47b6-aa52-043e15bcee19,Skagit fall salmon 2022,1dae3080-282e-4830-a261-776a33a00cd5,Marblemount Bridge (Witham Boat Ramp),Site,Index,6,5,NA,NA,NA,NA,2022-09-01,2022,2022-11-30,Skagit,Skagit River,Marblemount Bridge (Witham Boat Ramp),78.2,78.2,creel.vw_fishery_location,2026-09-02 16:47:56 PDT
1b135c07-7cc4-465b-8354-13e41273e3a5,ee2bf2c4-c086-4d1c-9daf-32c2e7c4f9e3,1e65263f-fd53-4e48-8262-391d5dd556ca,1e62d9c1-7d96-47b6-aa52-043e15bcee19,Skagit fall salmon 2023,95639308-398a-4da8-975a-1ee4bb600818,Mouth to Hwy. 536 at Mt. Vernon (Memorial Hwy. Bridge),Section,Census,1,1,1,1,1,1,2023-08-14,2023,2023-11-30,Skagit,Skagit River,from the mouth  to Hwy. 536 at Mt. Vernon (Memorial Hwy. Bridge),11.4,0,creel.vw_fishery_location,2026-09-02 16:47:56 PDT
60ac8414-36f1-472e-b143-8ecf4b3ad096,ee2bf2c4-c086-4d1c-9daf-32c2e7c4f9e3,1e65263f-fd53-4e48-8262-391d5dd556ca,1e62d9c1-7d96-47b6-aa52-043e15bcee19,Skagit fall salmon 2023,6f28401b-7a2a-40ca-98de-e075f4c96450,Conway Boat Ramp (SF Skagit),Site,Index,1,1,NA,NA,NA,NA,2023-08-14,2023,2023-11-30,Skagit,Skagit River,Conway Boat Ramp (SF Skagit),4.42,4.42,creel.vw_fishery_location,2026-09-02 16:47:56 PDT
74adf5e9-25da-4776-9af6-10a7fa62e01b,ee2bf2c4-c086-4d1c-9daf-32c2e7c4f9e3,1e65263f-fd53-4e48-8262-391d5dd556ca,1e62d9c1-7d96-47b6-aa52-043e15bcee19,Skagit fall salmon 2023,bf864946-2179-4e54-886a-9a5afffcd5cb,"Blakes Landing (NF Skagit, private ramp)",Site,Index,1,1,NA,NA,NA,NA,2023-08-14,2023,2023-11-30,Skagit,Skagit River,"Blakes Landing (NF Skagit, private ramp)",2.73,2.73,creel.vw_fishery_location,2026-09-02 16:47:56 PDT
5eae0d2a-1d0a-44c4-aeee-109b3b74191b,ee2bf2c4-c086-4d1c-9daf-32c2e7c4f9e3,1e65263f-fd53-4e48-8262-391d5dd556ca,1e62d9c1-7d96-47b6-aa52-043e15bcee19,Skagit fall salmon 2023,1882e5d0-5790-4de8-935a-ff17a4610bc6,"Moore Rd Boat Ramp (NF Skagit, private ramp)",Site,Index,1,1,NA,NA,NA,NA,2023-08-14,2023,2023-11-30,Skagit,Skagit River,"Moore Rd Boat Ramp (NF Skagit, private ramp)",5.1,5.1,creel.vw_fishery_location,2026-09-02 16:47:56 PDT
4847f6ad-6f2e-4668-8745-aca1a52c1ea3,ee2bf2c4-c086-4d1c-9daf-32c2e7c4f9e3,1e65263f-fd53-4e48-8262-391d5dd556ca,1e62d9c1-7d96-47b6-aa52-043e15bcee19,Skagit fall salmon 2023,4877fdcf-492f-4819-91fc-57b9f968719d,Spudhouse Access,Site,Index,1,1,NA,NA,NA,NA,2023-08-14,2023,2023-11-30,Skagit,Skagit River,Spudhouse Access,8.72,8.72,creel.vw_fishery_location,2026-09-02 16:47:56 PDT
5dda5cd3-cb1b-4d5d-8f2a-7b9587756c6b,ee2bf2c4-c086-4d1c-9daf-32c2e7c4f9e3,1e65263f-fd53-4e48-8262-391d5dd556ca,1e62d9c1-7d96-47b6-aa52-043e15bcee19,Skagit fall salmon 2023,41472230-f70a-4441-9488-06b3b034153a,"North Fork Access (NF Skagit, at Best Road bridge)",Site,Index,1,1,NA,NA,NA,NA,2023-08-14,2023,2023-11-30,Skagit,Skagit River,"North Fork Access (NF Skagit, at Best Road bridge)",4.55,4.55,creel.vw_fishery_location,2026-09-02 16:47:56 PDT
a2fb7f2e-a49c-437a-91ca-493e7ece0f54,ee2bf2c4-c086-4d1c-9daf-32c2e7c4f9e3,1e65263f-fd53-4e48-8262-391d5dd556ca,1e62d9c1-7d96-47b6-aa52-043e15bcee19,Skagit fall salmon 2023,055362b5-1524-41a6-85be-6cbc7d0828d6,"Skagit City Access (SF Skagit, N. end of Fir Island)",Site,Index,1,1,NA,NA,NA,NA,2023-08-14,2023,2023-11-30,Skagit,Skagit River,"Skagit City Access (SF Skagit, N. end of Fir Island)",7.46,7.46,creel.vw_fishery_location,2026-09-02 16:47:56 PDT
ad5e40b5-fce5-4b69-912a-68144bb4f55c,ee2bf2c4-c086-4d1c-9daf-32c2e7c4f9e3,1e65263f-fd53-4e48-8262-391d5dd556ca,1e62d9c1-7d96-47b6-aa52-043e15bcee19,Skagit fall salmon 2023,8c18e742-70e1-4366-98a0-b96ce202ad01,Edgewater Park,Site,Index,1,1,NA,NA,NA,NA,2023-08-14,2023,2023-11-30,Skagit,Skagit River,Edgewater Park,11.13,11.13,creel.vw_fishery_location,2026-09-02 16:47:56 PDT
c8b85f5a-bf9c-49a6-9abe-a5af8d7f26b0,ee2bf2c4-c086-4d1c-9daf-32c2e7c4f9e3,1e65263f-fd53-4e48-8262-391d5dd556ca,1e62d9c1-7d96-47b6-aa52-043e15bcee19,Skagit fall salmon 2023,8a3d4571-9dff-4803-ab09-6a41ec0bade5,From Hwy. 536 at Mt. Vernon (Memorial Hwy. Bridge) to Hwy. 9 Bridge,Section,Census,2,1,1,1,1,1,2023-08-14,2023,2023-11-30,Skagit,Skagit River,From Hwy. 536 at Mt. Vernon (Memorial Hwy. Bridge) to Hwy. 9 Bridge,22.5,11.14,creel.vw_fishery_location,2026-09-02 16:47:56 PDT
78ed0f92-b982-4b06-8b04-3d2559dd84f9,ee2bf2c4-c086-4d1c-9daf-32c2e7c4f9e3,1e65263f-fd53-4e48-8262-391d5dd556ca,1e62d9c1-7d96-47b6-aa52-043e15bcee19,Skagit fall salmon 2023,41b55a15-0c7b-435d-8ecb-059fee145acf,Upper Young's Bar,Site,Index,2,1,NA,NA,NA,NA,2023-08-14,2023,2023-11-30,Skagit,Skagit River,Upper Young's Bar,12.1,12.1,creel.vw_fishery_location,2026-09-02 16:47:56 PDT
59408b30-7340-445f-a2b4-c48f9429bba0,ee2bf2c4-c086-4d1c-9daf-32c2e7c4f9e3,1e65263f-fd53-4e48-8262-391d5dd556ca,1e62d9c1-7d96-47b6-aa52-043e15bcee19,Skagit fall salmon 2023,200ae078-0d0a-408b-af97-ca6f70047bd9,Railroad Bar,Site,Index,2,1,NA,NA,NA,NA,2023-08-14,2023,2023-11-30,Skagit,Skagit River,Railroad Bar,16.2,16.2,creel.vw_fishery_location,2026-09-02 16:47:56 PDT
8ae39782-80d8-4053-ab97-6c6549abfb79,ee2bf2c4-c086-4d1c-9daf-32c2e7c4f9e3,1e65263f-fd53-4e48-8262-391d5dd556ca,1e62d9c1-7d96-47b6-aa52-043e15bcee19,Skagit fall salmon 2023,a5ac91d5-bb75-40b2-a157-3ccc149babfa,Sterling Road Access,Site,Index,2,1,NA,NA,NA,NA,2023-08-14,2023,2023-11-30,Skagit,Skagit River,Sterling Road Access,20.53,20.53,creel.vw_fishery_location,2026-09-02 16:47:56 PDT
941c8e35-f023-42b1-b371-a8071b02b5cc,ee2bf2c4-c086-4d1c-9daf-32c2e7c4f9e3,1e65263f-fd53-4e48-8262-391d5dd556ca,1e62d9c1-7d96-47b6-aa52-043e15bcee19,Skagit fall salmon 2023,8059b5a5-2076-44b5-af5b-44b13c08ded0,Gardner Bar (aka Mayor Tjeerdsma launch),Site,Index,2,1,NA,NA,NA,NA,2023-08-14,2023,2023-11-30,Skagit,Skagit River,Gardner Bar (aka Mayor Tjeerdsma launch),18.17,18.17,creel.vw_fishery_location,2026-09-02 16:47:56 PDT
e3d0490b-4826-4d42-885e-5ecf4f23316a,ee2bf2c4-c086-4d1c-9daf-32c2e7c4f9e3,1e65263f-fd53-4e48-8262-391d5dd556ca,1e62d9c1-7d96-47b6-aa52-043e15bcee19,Skagit fall salmon 2023,464f1f1a-1a86-4f7c-b6d9-a358893f7a78,From Hwy. 9 Bridge to mouth of Gilligan Creek,Section,Census,3,1,1,1,1,1,2023-08-14,2023,2023-11-30,Skagit,Skagit River,From Hwy. 9 Bridge to mouth of Gilligan Creek,28.4,22.5,creel.vw_fishery_location,2026-09-02 16:47:56 PDT
0feb7d7a-6e3c-4bf2-a75e-c0294dd0e9a1,ee2bf2c4-c086-4d1c-9daf-32c2e7c4f9e3,1e65263f-fd53-4e48-8262-391d5dd556ca,1e62d9c1-7d96-47b6-aa52-043e15bcee19,Skagit fall salmon 2023,16a8a7a0-013c-416a-8227-df460289b0b0,Steelhead Club,Site,Index,3,1,NA,NA,NA,NA,2023-08-14,2023,2023-11-30,Skagit,Skagit River,"Only club parking lot inside fence, only vehicle & trailer combos. Watch for permanently parked rigs",24.33,24.33,creel.vw_fishery_location,2026-09-02 16:47:56 PDT
d7f81a39-936c-4a65-802b-2400aef93531,ee2bf2c4-c086-4d1c-9daf-32c2e7c4f9e3,1e65263f-fd53-4e48-8262-391d5dd556ca,1e62d9c1-7d96-47b6-aa52-043e15bcee19,Skagit fall salmon 2023,7a6e69a1-8524-4ea7-98b2-5f0c5238fc27,Gilligan Creek Access downstream to Hwy. 9 Bridge,Site,Index,3,1,NA,NA,NA,NA,2023-08-14,2023,2023-11-30,Skagit,Skagit River,Gilligan Creek Access downstream to Hwy. 9 Bridge,28.4,22.52,creel.vw_fishery_location,2026-09-02 16:47:56 PDT
1acf33f4-7949-4b32-a2ce-636f14917e79,ee2bf2c4-c086-4d1c-9daf-32c2e7c4f9e3,1e65263f-fd53-4e48-8262-391d5dd556ca,1e62d9c1-7d96-47b6-aa52-043e15bcee19,Skagit fall salmon 2023,a76a9953-7d41-4c1c-8eb2-fbd5fa8f92b2,Riverfront Park,Site,Index,3,1,NA,NA,NA,NA,2023-08-14,2023,2023-11-30,Skagit,Skagit River,Riverfront Park,23.57,23.57,creel.vw_fishery_location,2026-09-02 16:47:56 PDT
ea94aafd-f0aa-4b0e-a5a9-02cf97b959fb,ee2bf2c4-c086-4d1c-9daf-32c2e7c4f9e3,1e65263f-fd53-4e48-8262-391d5dd556ca,1e62d9c1-7d96-47b6-aa52-043e15bcee19,Skagit fall salmon 2023,3a94f0a0-7f59-41f7-b6c7-853b9b1e24d2,From mouth of Gilligan Creek to the Dalles Bridge at Concrete,Section,Census,4,1,1,1,1,1,2023-08-14,2023,2023-11-30,Skagit,Skagit River,from mouth of Gilligan Creek to the Dalles Bridge at Concrete,54.1,28.4,creel.vw_fishery_location,2026-09-02 16:47:56 PDT
4700ebd4-ac50-4b39-ba1d-cb19e8350aeb,ee2bf2c4-c086-4d1c-9daf-32c2e7c4f9e3,1e65263f-fd53-4e48-8262-391d5dd556ca,1e62d9c1-7d96-47b6-aa52-043e15bcee19,Skagit fall salmon 2023,4f2f781d-e534-4d44-a35a-a8a08cb23bb6,Lyman Slough Conservation Area,Site,Index,4,1,NA,NA,NA,NA,2023-08-14,2023,2023-11-30,Skagit,Skagit River,Lyman Slough Conservation Area,34.56,34.56,creel.vw_fishery_location,2026-09-02 16:47:56 PDT
fcaeb167-efce-4de8-885a-75035058c025,ee2bf2c4-c086-4d1c-9daf-32c2e7c4f9e3,1e65263f-fd53-4e48-8262-391d5dd556ca,1e62d9c1-7d96-47b6-aa52-043e15bcee19,Skagit fall salmon 2023,dd8f7f90-3ade-4a0a-8974-d0144d2b4ae4,Lyman Ferry launch - north side of river,Site,Index,4,1,NA,NA,NA,NA,2023-08-14,2023,2023-11-30,Skagit,Skagit River,Lyman Ferry launch - north side of river,37.13,37.13,creel.vw_fishery_location,2026-09-02 16:47:56 PDT
91054196-1e7e-42f1-b158-c8507d8777ca,ee2bf2c4-c086-4d1c-9daf-32c2e7c4f9e3,1e65263f-fd53-4e48-8262-391d5dd556ca,1e62d9c1-7d96-47b6-aa52-043e15bcee19,Skagit fall salmon 2023,4480db63-3897-4f9f-a687-33f40ba99fdc,Pressentin Creek Access downstream to Loretta Creek,Site,Index,4,1,NA,NA,NA,NA,2023-08-14,2023,2023-11-30,Skagit,Skagit River,Pressentin Creek Access downstream to Loretta Creek,47,37.15,creel.vw_fishery_location,2026-09-02 16:47:56 PDT
e17f3baf-f1ed-4860-89fe-041de001f26f,ee2bf2c4-c086-4d1c-9daf-32c2e7c4f9e3,1e65263f-fd53-4e48-8262-391d5dd556ca,1e62d9c1-7d96-47b6-aa52-043e15bcee19,Skagit fall salmon 2023,6530e537-8b2f-4697-8340-57a747c21496,Birdsview WDFW boat launch,Site,Index,4,1,NA,NA,NA,NA,2023-08-14,2023,2023-11-30,Skagit,Skagit River,Birdsview WDFW boat launch,47.13,47.13,creel.vw_fishery_location,2026-09-02 16:47:56 PDT
e42c5446-8aee-41af-b150-3cc8ac2a34e3,ee2bf2c4-c086-4d1c-9daf-32c2e7c4f9e3,1e65263f-fd53-4e48-8262-391d5dd556ca,1e62d9c1-7d96-47b6-aa52-043e15bcee19,Skagit fall salmon 2023,caf9610b-1362-4006-8a84-7eaa969dd6ab,Hamilton WDFW boat launch,Site,Index,4,1,NA,NA,NA,NA,2023-08-14,2023,2023-11-30,Skagit,Skagit River,Hamilton WDFW boat launch,40.49,40.49,creel.vw_fishery_location,2026-09-02 16:47:56 PDT
82006804-dd64-44a7-9534-cad89840d176,ee2bf2c4-c086-4d1c-9daf-32c2e7c4f9e3,1e65263f-fd53-4e48-8262-391d5dd556ca,1e62d9c1-7d96-47b6-aa52-043e15bcee19,Skagit fall salmon 2023,5cda3da5-e126-43d5-9d2e-8829df625a18,Lyman Ferry DFW launch - south side of river,Site,Index,4,1,NA,NA,NA,NA,2023-08-14,2023,2023-11-30,Skagit,Skagit River,Lyman Ferry DFW launch - south side of river,37.13,37.13,creel.vw_fishery_location,2026-09-02 16:47:56 PDT
97e8ef03-8391-4fd7-9f64-22d6ad0e49ae,ee2bf2c4-c086-4d1c-9daf-32c2e7c4f9e3,1e65263f-fd53-4e48-8262-391d5dd556ca,1e62d9c1-7d96-47b6-aa52-043e15bcee19,Skagit fall salmon 2023,26159abe-296c-4b40-bfef-df501521dd66,From the Dalles Bridge at Concrete to the Hwy. 530 Bridge at Rockport,Section,Census,5,1,1,1,1,1,2023-08-14,2023,2023-11-30,Skagit,Skagit River,From the Dalles Bridge at Concrete to the Hwy. 530 Bridge at Rockport,56.37,54.1,creel.vw_fishery_location,2026-09-02 16:47:56 PDT
b42f9cd5-7555-4fcc-93cb-2a252cf64573,ee2bf2c4-c086-4d1c-9daf-32c2e7c4f9e3,1e65263f-fd53-4e48-8262-391d5dd556ca,1e62d9c1-7d96-47b6-aa52-043e15bcee19,Skagit fall salmon 2023,69ff15ff-ce1a-4b9b-a9ca-6c784bd8daec,Fabers South Access area and ramp,site,Index,5,1,NA,NA,NA,NA,2023-08-14,2023,2023-11-30,Skagit,Skagit River,Fabers South Access area and ramp,62.05,62.05,creel.vw_fishery_location,2026-09-02 16:47:56 PDT
1bce2586-5fd5-4cab-b7fa-d48ce3db617a,ee2bf2c4-c086-4d1c-9daf-32c2e7c4f9e3,1e65263f-fd53-4e48-8262-391d5dd556ca,1e62d9c1-7d96-47b6-aa52-043e15bcee19,Skagit fall salmon 2023,3515b1ac-0d72-4063-af4b-2f0c7057dd76,Martin Launch (primitive Ramp across from Howard Miller Park),Site,Index,5,1,NA,NA,NA,NA,2023-08-14,2023,2023-11-30,Skagit,Skagit River,Martin Launch (primitive Ramp across from Howard Miller Park),67.72,67.72,creel.vw_fishery_location,2026-09-02 16:47:56 PDT
b7a176b3-79b9-4242-a5af-bb4529678b50,ee2bf2c4-c086-4d1c-9daf-32c2e7c4f9e3,1e65263f-fd53-4e48-8262-391d5dd556ca,1e62d9c1-7d96-47b6-aa52-043e15bcee19,Skagit fall salmon 2023,82be4ec2-05ee-45d7-8837-f5fcf47b0425,Baker River Boat Ramp,Site,Index,5,1,NA,NA,NA,NA,2023-08-14,2023,2023-11-30,Skagit,Skagit River,Baker River Boat Ramp,56.46,56.46,creel.vw_fishery_location,2026-09-02 16:47:56 PDT
42104e56-abe0-4965-b938-4fba70b663d5,ee2bf2c4-c086-4d1c-9daf-32c2e7c4f9e3,1e65263f-fd53-4e48-8262-391d5dd556ca,1e62d9c1-7d96-47b6-aa52-043e15bcee19,Skagit fall salmon 2023,9a5568a1-55c3-4a00-aba3-7f87b5d29821,Fabers North Access area and ramp,Site,Index,5,1,NA,NA,NA,NA,2023-08-14,2023,2023-11-30,Skagit,Skagit River,Fabers North Access area and ramp,62.05,62.05,creel.vw_fishery_location,2026-09-02 16:47:56 PDT
4f0a7b70-d4da-4726-9dbe-0289b0eee9e2,ee2bf2c4-c086-4d1c-9daf-32c2e7c4f9e3,1e65263f-fd53-4e48-8262-391d5dd556ca,1e62d9c1-7d96-47b6-aa52-043e15bcee19,Skagit fall salmon 2023,91d6c792-b717-4e92-854f-a109d73fdee2,Howard Miller Steelhead Park ramp,Site,Index,5,1,NA,NA,NA,NA,2023-08-14,2023,2023-11-30,Skagit,Skagit River,Howard Miller Steelhead Park ramp,67.72,67.72,creel.vw_fishery_location,2026-09-02 16:47:56 PDT
4bed3bde-6064-4626-a74b-1161eecec406,ee2bf2c4-c086-4d1c-9daf-32c2e7c4f9e3,1e65263f-fd53-4e48-8262-391d5dd556ca,1e62d9c1-7d96-47b6-aa52-043e15bcee19,Skagit fall salmon 2023,63f0f3ae-8882-4000-82b1-9a3cc03d835b,Larsen Log downstream to Ovenells Heritage Inn driveway,Site,Index,5,1,NA,NA,NA,NA,2023-08-14,2023,2023-11-30,Skagit,Skagit River,Larsen Log downstream to Ovenells Heritage Inn driveway,60.83,57.8,creel.vw_fishery_location,2026-09-02 16:47:56 PDT
028b1ba9-95a8-442f-879e-afd76dc99821,ee2bf2c4-c086-4d1c-9daf-32c2e7c4f9e3,1e65263f-fd53-4e48-8262-391d5dd556ca,1e62d9c1-7d96-47b6-aa52-043e15bcee19,Skagit fall salmon 2023,5a6e3bd0-05cd-4224-a7c4-63f18ea01357,From Hwy. 530 Bridge at Rockport to Cascade River Rd. (Marblemount Bridge).,Section,census,6,1,1,1,1,1,2023-08-14,2023,2023-11-30,Skagit,Skagit River,from Hwy. 530 Bridge at Rockport to Cascade River Rd. (Marblemount Bridge).,78.2,67.8,creel.vw_fishery_location,2026-09-02 16:47:56 PDT
f4004118-c83e-44ce-a174-54763d39de1a,ee2bf2c4-c086-4d1c-9daf-32c2e7c4f9e3,1e65263f-fd53-4e48-8262-391d5dd556ca,1e62d9c1-7d96-47b6-aa52-043e15bcee19,Skagit fall salmon 2023,1dae3080-282e-4830-a261-776a33a00cd5,Marblemount Bridge (Witham Boat Ramp),Site,Index,6,1,NA,NA,NA,NA,2023-08-14,2023,2023-11-30,Skagit,Skagit River,Marblemount Bridge (Witham Boat Ramp),78.2,78.2,creel.vw_fishery_location,2026-09-02 16:47:56 PDT
458973d4-5523-4088-9503-e7b1ff2714aa,ee2bf2c4-c086-4d1c-9daf-32c2e7c4f9e3,1e65263f-fd53-4e48-8262-391d5dd556ca,1e62d9c1-7d96-47b6-aa52-043e15bcee19,Skagit fall salmon 2023,9a8ffee0-ebb5-4107-b052-893329b42fbe,Chapel Hole,Site,Index,6,1,NA,NA,NA,NA,2023-08-14,2023,2023-11-30,Skagit,Skagit River,Chapel Hole,75.48,75.48,creel.vw_fishery_location,2026-09-02 16:47:56 PDT
b2a38e8c-8f0a-4756-8c2f-ad1124393a64,ee2bf2c4-c086-4d1c-9daf-32c2e7c4f9e3,1e65263f-fd53-4e48-8262-391d5dd556ca,1e62d9c1-7d96-47b6-aa52-043e15bcee19,Skagit fall salmon 2023,129ab219-e85a-44bf-862a-c97965b53a8f,Jackman Creek bridge,Site,Index,6,1,NA,NA,NA,NA,2023-08-14,2023,2023-11-30,Skagit,Skagit River,Jackman Creek bridge,58.25,58.25,creel.vw_fishery_location,2026-09-02 16:47:56 PDT
47236fc2-9030-4e64-881a-a8a8fa2b35e1,ee2bf2c4-c086-4d1c-9daf-32c2e7c4f9e3,1e65263f-fd53-4e48-8262-391d5dd556ca,1e62d9c1-7d96-47b6-aa52-043e15bcee19,Skagit fall salmon 2023,db286f8c-cafc-44cb-b60b-fe7219a588ef,Little eddy and Big eddy accesses,Site,Index,6,1,NA,NA,NA,NA,2023-08-14,2023,2023-11-30,Skagit,Skagit River,Little eddy and Big eddy accesses,77.8,77.8,creel.vw_fishery_location,2026-09-02 16:47:56 PDT
35433df0-f13b-43d6-baba-7bf0232192f8,ee2bf2c4-c086-4d1c-9daf-32c2e7c4f9e3,1e65263f-fd53-4e48-8262-391d5dd556ca,1e62d9c1-7d96-47b6-aa52-043e15bcee19,Skagit fall salmon 2023,3e44e4f9-8ede-4f35-ae32-cf4e2470cc69,Swift/Sutter rest stop,Site,Index,6,1,1,1,NA,NA,2023-08-14,2023,2023-11-30,Skagit,Skagit River,Swift/Sutter rest stop,71.18,70.66,creel.vw_fishery_location,2026-09-02 16:47:56 PDT
b8d55365-d506-40e3-a688-8581ecab0f3e,ee2bf2c4-c086-4d1c-9daf-32c2e7c4f9e3,1e65263f-fd53-4e48-8262-391d5dd556ca,1e62d9c1-7d96-47b6-aa52-043e15bcee19,Skagit fall salmon 2023,151e682e-b3c3-48ba-9625-e12ce9051487,101 hole (Car Body hole access point),Site,Index,6,1,NA,NA,NA,NA,2023-08-14,2023,2023-11-30,Skagit,Skagit River,101 hole (Car Body hole access point),72.2,72.2,creel.vw_fishery_location,2026-09-02 16:47:56 PDT
62a3ad4b-a8e2-42c1-9a09-3b478d823bc1,327d28f9-7a8b-46db-aa4a-17e633a0c58f,1e65263f-fd53-4e48-8262-391d5dd556ca,1e62d9c1-7d96-47b6-aa52-043e15bcee19,Skagit fall salmon 2024,95639308-398a-4da8-975a-1ee4bb600818,Mouth to Hwy. 536 at Mt. Vernon (Memorial Hwy. Bridge),Section,Census,1,1,1,1,NA,NA,2024-09-01,2024,2024-11-30,Skagit,Skagit River,from the mouth  to Hwy. 536 at Mt. Vernon (Memorial Hwy. Bridge),11.4,0,creel.vw_fishery_location,2026-09-02 16:47:56 PDT
9c4143f9-b064-4957-b519-69bb7e68d983,327d28f9-7a8b-46db-aa4a-17e633a0c58f,1e65263f-fd53-4e48-8262-391d5dd556ca,1e62d9c1-7d96-47b6-aa52-043e15bcee19,Skagit fall salmon 2024,6f28401b-7a2a-40ca-98de-e075f4c96450,Conway Boat Ramp (SF Skagit),Site,Index,1,1,NA,NA,NA,NA,2024-09-01,2024,2024-11-30,Skagit,Skagit River,Conway Boat Ramp (SF Skagit),4.42,4.42,creel.vw_fishery_location,2026-09-02 16:47:56 PDT
9207c3b5-464e-4ef6-802d-8b2b6fbc2a88,327d28f9-7a8b-46db-aa4a-17e633a0c58f,1e65263f-fd53-4e48-8262-391d5dd556ca,1e62d9c1-7d96-47b6-aa52-043e15bcee19,Skagit fall salmon 2024,41472230-f70a-4441-9488-06b3b034153a,"North Fork Access (NF Skagit, at Best Road bridge)",Site,Index,1,1,NA,NA,NA,NA,2024-09-01,2024,2024-11-30,Skagit,Skagit River,"North Fork Access (NF Skagit, at Best Road bridge)",4.55,4.55,creel.vw_fishery_location,2026-09-02 16:47:56 PDT
eee0944d-e559-4eb3-acc0-95979b0c2d4b,327d28f9-7a8b-46db-aa4a-17e633a0c58f,1e65263f-fd53-4e48-8262-391d5dd556ca,1e62d9c1-7d96-47b6-aa52-043e15bcee19,Skagit fall salmon 2024,1882e5d0-5790-4de8-935a-ff17a4610bc6,"Moore Rd Boat Ramp (NF Skagit, private ramp)",Site,Index,1,1,NA,NA,NA,NA,2024-09-01,2024,2024-11-30,Skagit,Skagit River,"Moore Rd Boat Ramp (NF Skagit, private ramp)",5.1,5.1,creel.vw_fishery_location,2026-09-02 16:47:56 PDT
71e17b49-2a84-4e9b-8647-49746164ede5,327d28f9-7a8b-46db-aa4a-17e633a0c58f,1e65263f-fd53-4e48-8262-391d5dd556ca,1e62d9c1-7d96-47b6-aa52-043e15bcee19,Skagit fall salmon 2024,4877fdcf-492f-4819-91fc-57b9f968719d,Spudhouse Access,Site,Index,1,1,NA,NA,NA,NA,2024-09-01,2024,2024-11-30,Skagit,Skagit River,Spudhouse Access,8.72,8.72,creel.vw_fishery_location,2026-09-02 16:47:56 PDT
cc757ea4-d141-4da5-b34f-6f43d1ba6319,327d28f9-7a8b-46db-aa4a-17e633a0c58f,1e65263f-fd53-4e48-8262-391d5dd556ca,1e62d9c1-7d96-47b6-aa52-043e15bcee19,Skagit fall salmon 2024,bf864946-2179-4e54-886a-9a5afffcd5cb,"Blakes Landing (NF Skagit, private ramp)",Site,Index,1,1,NA,NA,NA,NA,2024-09-01,2024,2024-11-30,Skagit,Skagit River,"Blakes Landing (NF Skagit, private ramp)",2.73,2.73,creel.vw_fishery_location,2026-09-02 16:47:56 PDT
4e6f8d54-1365-492c-a5a9-a9f019875699,327d28f9-7a8b-46db-aa4a-17e633a0c58f,1e65263f-fd53-4e48-8262-391d5dd556ca,1e62d9c1-7d96-47b6-aa52-043e15bcee19,Skagit fall salmon 2024,055362b5-1524-41a6-85be-6cbc7d0828d6,"Skagit City Access (SF Skagit, N. end of Fir Island)",Site,Index,1,1,NA,NA,NA,NA,2024-09-01,2024,2024-11-30,Skagit,Skagit River,"Skagit City Access (SF Skagit, N. end of Fir Island)",7.46,7.46,creel.vw_fishery_location,2026-09-02 16:47:56 PDT
965cf747-998b-4a02-9a03-d7e0ccdc6c9f,327d28f9-7a8b-46db-aa4a-17e633a0c58f,1e65263f-fd53-4e48-8262-391d5dd556ca,1e62d9c1-7d96-47b6-aa52-043e15bcee19,Skagit fall salmon 2024,8c18e742-70e1-4366-98a0-b96ce202ad01,Edgewater Park,Site,Index,1,1,NA,NA,NA,NA,2024-09-01,2024,2024-11-30,Skagit,Skagit River,Edgewater Park,11.13,11.13,creel.vw_fishery_location,2026-09-02 16:47:56 PDT
55602595-10eb-400f-a65e-ee164fc1245a,327d28f9-7a8b-46db-aa4a-17e633a0c58f,1e65263f-fd53-4e48-8262-391d5dd556ca,1e62d9c1-7d96-47b6-aa52-043e15bcee19,Skagit fall salmon 2024,8a3d4571-9dff-4803-ab09-6a41ec0bade5,From Hwy. 536 at Mt. Vernon (Memorial Hwy. Bridge) to Hwy. 9 Bridge,Section,Census,2,2,1,1,NA,NA,2024-09-01,2024,2024-11-30,Skagit,Skagit River,From Hwy. 536 at Mt. Vernon (Memorial Hwy. Bridge) to Hwy. 9 Bridge,22.5,11.14,creel.vw_fishery_location,2026-09-02 16:47:56 PDT
2b785a34-dafe-45dd-b7d0-5ff00bce7747,327d28f9-7a8b-46db-aa4a-17e633a0c58f,1e65263f-fd53-4e48-8262-391d5dd556ca,1e62d9c1-7d96-47b6-aa52-043e15bcee19,Skagit fall salmon 2024,a5ac91d5-bb75-40b2-a157-3ccc149babfa,Sterling Road Access,Site,Index,2,2,NA,NA,NA,NA,2024-09-01,2024,2024-11-30,Skagit,Skagit River,Sterling Road Access,20.53,20.53,creel.vw_fishery_location,2026-09-02 16:47:56 PDT
706bee84-acae-4013-9503-bb1939f970e7,327d28f9-7a8b-46db-aa4a-17e633a0c58f,1e65263f-fd53-4e48-8262-391d5dd556ca,1e62d9c1-7d96-47b6-aa52-043e15bcee19,Skagit fall salmon 2024,8059b5a5-2076-44b5-af5b-44b13c08ded0,Gardner Bar (aka Mayor Tjeerdsma launch),Site,Index,2,2,NA,NA,NA,NA,2024-09-01,2024,2024-11-30,Skagit,Skagit River,Gardner Bar (aka Mayor Tjeerdsma launch),18.17,18.17,creel.vw_fishery_location,2026-09-02 16:47:56 PDT
a31797af-80a3-4475-aee6-7c9a000eb957,327d28f9-7a8b-46db-aa4a-17e633a0c58f,1e65263f-fd53-4e48-8262-391d5dd556ca,1e62d9c1-7d96-47b6-aa52-043e15bcee19,Skagit fall salmon 2024,200ae078-0d0a-408b-af97-ca6f70047bd9,Railroad Bar,Site,Index,2,2,NA,NA,NA,NA,2024-09-01,2024,2024-11-30,Skagit,Skagit River,Railroad Bar,16.2,16.2,creel.vw_fishery_location,2026-09-02 16:47:56 PDT
2ea1986b-8c76-4a2f-9d1e-3078dcfcbcf5,327d28f9-7a8b-46db-aa4a-17e633a0c58f,1e65263f-fd53-4e48-8262-391d5dd556ca,1e62d9c1-7d96-47b6-aa52-043e15bcee19,Skagit fall salmon 2024,41b55a15-0c7b-435d-8ecb-059fee145acf,Upper Young's Bar,Site,Index,2,2,NA,NA,NA,NA,2024-09-01,2024,2024-11-30,Skagit,Skagit River,Upper Young's Bar,12.1,12.1,creel.vw_fishery_location,2026-09-02 16:47:56 PDT
884d0f08-6f17-449b-b313-397355f181ca,327d28f9-7a8b-46db-aa4a-17e633a0c58f,1e65263f-fd53-4e48-8262-391d5dd556ca,1e62d9c1-7d96-47b6-aa52-043e15bcee19,Skagit fall salmon 2024,464f1f1a-1a86-4f7c-b6d9-a358893f7a78,From Hwy. 9 Bridge to mouth of Gilligan Creek,Section,Census,3,3,1,1,NA,NA,2024-09-01,2024,2024-11-30,Skagit,Skagit River,From Hwy. 9 Bridge to mouth of Gilligan Creek,28.4,22.5,creel.vw_fishery_location,2026-09-02 16:47:56 PDT
55aac81d-bef9-46db-bb32-3666284d67d4,327d28f9-7a8b-46db-aa4a-17e633a0c58f,1e65263f-fd53-4e48-8262-391d5dd556ca,1e62d9c1-7d96-47b6-aa52-043e15bcee19,Skagit fall salmon 2024,a76a9953-7d41-4c1c-8eb2-fbd5fa8f92b2,Riverfront Park,Site,Index,3,3,NA,NA,NA,NA,2024-09-01,2024,2024-11-30,Skagit,Skagit River,Riverfront Park,23.57,23.57,creel.vw_fishery_location,2026-09-02 16:47:56 PDT
4ccf9a1a-497c-4d2e-a077-74baf1a608db,327d28f9-7a8b-46db-aa4a-17e633a0c58f,1e65263f-fd53-4e48-8262-391d5dd556ca,1e62d9c1-7d96-47b6-aa52-043e15bcee19,Skagit fall salmon 2024,16a8a7a0-013c-416a-8227-df460289b0b0,Steelhead Club,Site,Index,3,3,NA,NA,NA,NA,2024-09-01,2024,2024-11-30,Skagit,Skagit River,"Only club parking lot inside fence, only vehicle & trailer combos. Watch for permanently parked rigs",24.33,24.33,creel.vw_fishery_location,2026-09-02 16:47:56 PDT
28b6118a-c9b1-43f0-b6d6-48e27ef6c3ce,327d28f9-7a8b-46db-aa4a-17e633a0c58f,1e65263f-fd53-4e48-8262-391d5dd556ca,1e62d9c1-7d96-47b6-aa52-043e15bcee19,Skagit fall salmon 2024,7a6e69a1-8524-4ea7-98b2-5f0c5238fc27,Gilligan Creek Access downstream to Hwy. 9 Bridge,Site,Index,3,3,NA,NA,NA,NA,2024-09-01,2024,2024-11-30,Skagit,Skagit River,Gilligan Creek Access downstream to Hwy. 9 Bridge,28.4,22.52,creel.vw_fishery_location,2026-09-02 16:47:56 PDT
8fde1d2f-1d9a-49c6-a11e-fed5f6262400,327d28f9-7a8b-46db-aa4a-17e633a0c58f,1e65263f-fd53-4e48-8262-391d5dd556ca,1e62d9c1-7d96-47b6-aa52-043e15bcee19,Skagit fall salmon 2024,3a94f0a0-7f59-41f7-b6c7-853b9b1e24d2,From mouth of Gilligan Creek to the Dalles Bridge at Concrete,Section,Census,4,4,1,1,NA,NA,2024-09-01,2024,2024-11-30,Skagit,Skagit River,from mouth of Gilligan Creek to the Dalles Bridge at Concrete,54.1,28.4,creel.vw_fishery_location,2026-09-02 16:47:56 PDT
034548f5-dd10-4d6c-83e4-eb2ca50f9a2e,327d28f9-7a8b-46db-aa4a-17e633a0c58f,1e65263f-fd53-4e48-8262-391d5dd556ca,1e62d9c1-7d96-47b6-aa52-043e15bcee19,Skagit fall salmon 2024,dd8f7f90-3ade-4a0a-8974-d0144d2b4ae4,Lyman Ferry launch - north side of river,Site,Index,4,4,NA,NA,NA,NA,2024-09-01,2024,2024-11-30,Skagit,Skagit River,Lyman Ferry launch - north side of river,37.13,37.13,creel.vw_fishery_location,2026-09-02 16:47:56 PDT
1caee12c-da05-42d1-9f41-1ef46f0c8bd1,327d28f9-7a8b-46db-aa4a-17e633a0c58f,1e65263f-fd53-4e48-8262-391d5dd556ca,1e62d9c1-7d96-47b6-aa52-043e15bcee19,Skagit fall salmon 2024,4480db63-3897-4f9f-a687-33f40ba99fdc,Pressentin Creek Access downstream to Loretta Creek,Site,Index,4,4,NA,NA,NA,NA,2024-09-01,2024,2024-11-30,Skagit,Skagit River,Pressentin Creek Access downstream to Loretta Creek,47,37.15,creel.vw_fishery_location,2026-09-02 16:47:56 PDT
8e8f94bf-beb6-4c86-adb4-4b0f8a4d6ffc,327d28f9-7a8b-46db-aa4a-17e633a0c58f,1e65263f-fd53-4e48-8262-391d5dd556ca,1e62d9c1-7d96-47b6-aa52-043e15bcee19,Skagit fall salmon 2024,5cda3da5-e126-43d5-9d2e-8829df625a18,Lyman Ferry DFW launch - south side of river,Site,Index,4,4,NA,NA,NA,NA,2024-09-01,2024,2024-11-30,Skagit,Skagit River,Lyman Ferry DFW launch - south side of river,37.13,37.13,creel.vw_fishery_location,2026-09-02 16:47:56 PDT
b7ac3afa-8a9a-488c-80d3-e23473928e25,327d28f9-7a8b-46db-aa4a-17e633a0c58f,1e65263f-fd53-4e48-8262-391d5dd556ca,1e62d9c1-7d96-47b6-aa52-043e15bcee19,Skagit fall salmon 2024,caf9610b-1362-4006-8a84-7eaa969dd6ab,Hamilton WDFW boat launch,Site,Index,4,4,NA,NA,NA,NA,2024-09-01,2024,2024-11-30,Skagit,Skagit River,Hamilton WDFW boat launch,40.49,40.49,creel.vw_fishery_location,2026-09-02 16:47:56 PDT
be0418b5-a3c4-4a86-b660-21ed4c446437,327d28f9-7a8b-46db-aa4a-17e633a0c58f,1e65263f-fd53-4e48-8262-391d5dd556ca,1e62d9c1-7d96-47b6-aa52-043e15bcee19,Skagit fall salmon 2024,6530e537-8b2f-4697-8340-57a747c21496,Birdsview WDFW boat launch,Site,Index,4,4,NA,NA,NA,NA,2024-09-01,2024,2024-11-30,Skagit,Skagit River,Birdsview WDFW boat launch,47.13,47.13,creel.vw_fishery_location,2026-09-02 16:47:56 PDT
dfc19372-7835-4c9b-812c-e6f5aff61f3b,327d28f9-7a8b-46db-aa4a-17e633a0c58f,1e65263f-fd53-4e48-8262-391d5dd556ca,1e62d9c1-7d96-47b6-aa52-043e15bcee19,Skagit fall salmon 2024,26159abe-296c-4b40-bfef-df501521dd66,From the Dalles Bridge at Concrete to the Hwy. 530 Bridge at Rockport,Section,Census,5,5,1,1,NA,NA,2024-09-01,2024,2024-11-30,Skagit,Skagit River,From the Dalles Bridge at Concrete to the Hwy. 530 Bridge at Rockport,56.37,54.1,creel.vw_fishery_location,2026-09-02 16:47:56 PDT
ea1dedd9-801e-4dee-b304-712c1869d72f,327d28f9-7a8b-46db-aa4a-17e633a0c58f,1e65263f-fd53-4e48-8262-391d5dd556ca,1e62d9c1-7d96-47b6-aa52-043e15bcee19,Skagit fall salmon 2024,69ff15ff-ce1a-4b9b-a9ca-6c784bd8daec,Fabers South Access area and ramp,Site,Index,5,5,NA,NA,NA,NA,2024-09-01,2024,2024-11-30,Skagit,Skagit River,Fabers South Access area and ramp,62.05,62.05,creel.vw_fishery_location,2026-09-02 16:47:56 PDT
c3b76442-9bae-42bb-ba4f-252eea1c5e74,327d28f9-7a8b-46db-aa4a-17e633a0c58f,1e65263f-fd53-4e48-8262-391d5dd556ca,1e62d9c1-7d96-47b6-aa52-043e15bcee19,Skagit fall salmon 2024,82be4ec2-05ee-45d7-8837-f5fcf47b0425,Baker River Boat Ramp,Site,Index,5,5,NA,NA,NA,NA,2024-09-01,2024,2024-11-30,Skagit,Skagit River,Baker River Boat Ramp,56.46,56.46,creel.vw_fishery_location,2026-09-02 16:47:56 PDT
017a09d6-557e-4c3e-b933-9e41b81cf3df,327d28f9-7a8b-46db-aa4a-17e633a0c58f,1e65263f-fd53-4e48-8262-391d5dd556ca,1e62d9c1-7d96-47b6-aa52-043e15bcee19,Skagit fall salmon 2024,129ab219-e85a-44bf-862a-c97965b53a8f,Jackman Creek bridge,Site,Index,5,5,NA,NA,NA,NA,2024-09-01,2024,2024-11-30,Skagit,Skagit River,Jackman Creek bridge,58.25,58.25,creel.vw_fishery_location,2026-09-02 16:47:56 PDT
afd4afcc-c39f-4142-8d03-9cbda4f91264,327d28f9-7a8b-46db-aa4a-17e633a0c58f,1e65263f-fd53-4e48-8262-391d5dd556ca,1e62d9c1-7d96-47b6-aa52-043e15bcee19,Skagit fall salmon 2024,63f0f3ae-8882-4000-82b1-9a3cc03d835b,Larsen Log downstream to Ovenells Heritage Inn driveway,Site,Index,5,5,NA,NA,NA,NA,2024-09-01,2024,2024-11-30,Skagit,Skagit River,Larsen Log downstream to Ovenells Heritage Inn driveway,60.83,57.8,creel.vw_fishery_location,2026-09-02 16:47:56 PDT
09152a38-5b98-4fa6-8547-dd1bad607222,327d28f9-7a8b-46db-aa4a-17e633a0c58f,1e65263f-fd53-4e48-8262-391d5dd556ca,1e62d9c1-7d96-47b6-aa52-043e15bcee19,Skagit fall salmon 2024,9a5568a1-55c3-4a00-aba3-7f87b5d29821,Fabers North Access area and ramp,Site,Index,5,5,NA,NA,NA,NA,2024-09-01,2024,2024-11-30,Skagit,Skagit River,Fabers North Access area and ramp,62.05,62.05,creel.vw_fishery_location,2026-09-02 16:47:56 PDT
c54a9108-a089-4e2b-822d-0ba89086ce47,87a407d0-8ebe-47ce-8794-e79f98274d55,1e65263f-fd53-4e48-8262-391d5dd556ca,1e62d9c1-7d96-47b6-aa52-043e15bcee19,Skagit fall salmon 2025,95639308-398a-4da8-975a-1ee4bb600818,Mouth to Hwy. 536 at Mt. Vernon (Memorial Hwy. Bridge),Section,Census,1,1,1,1,NA,NA,2025-08-16,2025,2025-11-18,Skagit,Skagit River,from the mouth  to Hwy. 536 at Mt. Vernon (Memorial Hwy. Bridge),11.4,0,creel.vw_fishery_location,2026-09-02 16:47:56 PDT
644bbf57-7513-44bc-903d-c748c9625431,87a407d0-8ebe-47ce-8794-e79f98274d55,1e65263f-fd53-4e48-8262-391d5dd556ca,1e62d9c1-7d96-47b6-aa52-043e15bcee19,Skagit fall salmon 2025,bf864946-2179-4e54-886a-9a5afffcd5cb,"Blakes Landing (NF Skagit, private ramp)",Site,Index,1,1,NA,NA,NA,NA,2025-08-16,2025,2025-11-18,Skagit,Skagit River,"Blakes Landing (NF Skagit, private ramp)",2.73,2.73,creel.vw_fishery_location,2026-09-02 16:47:56 PDT
945d9685-5a0a-4cb3-8380-4ef10b69206e,87a407d0-8ebe-47ce-8794-e79f98274d55,1e65263f-fd53-4e48-8262-391d5dd556ca,1e62d9c1-7d96-47b6-aa52-043e15bcee19,Skagit fall salmon 2025,4877fdcf-492f-4819-91fc-57b9f968719d,Spudhouse Access,Site,Index,1,1,NA,NA,NA,NA,2025-08-16,2025,2025-11-18,Skagit,Skagit River,Spudhouse Access,8.72,8.72,creel.vw_fishery_location,2026-09-02 16:47:56 PDT
228a1f84-6065-4834-b656-aeb24986714f,87a407d0-8ebe-47ce-8794-e79f98274d55,1e65263f-fd53-4e48-8262-391d5dd556ca,1e62d9c1-7d96-47b6-aa52-043e15bcee19,Skagit fall salmon 2025,055362b5-1524-41a6-85be-6cbc7d0828d6,"Skagit City Access (SF Skagit, N. end of Fir Island)",Site,Index,1,1,NA,NA,NA,NA,2025-08-16,2025,2025-11-18,Skagit,Skagit River,"Skagit City Access (SF Skagit, N. end of Fir Island)",7.46,7.46,creel.vw_fishery_location,2026-09-02 16:47:56 PDT
cc8df8b3-d144-4fc6-9c18-2be5a0568388,87a407d0-8ebe-47ce-8794-e79f98274d55,1e65263f-fd53-4e48-8262-391d5dd556ca,1e62d9c1-7d96-47b6-aa52-043e15bcee19,Skagit fall salmon 2025,1882e5d0-5790-4de8-935a-ff17a4610bc6,"Moore Rd Boat Ramp (NF Skagit, private ramp)",Site,Index,1,1,NA,NA,NA,NA,2025-08-16,2025,2025-11-18,Skagit,Skagit River,"Moore Rd Boat Ramp (NF Skagit, private ramp)",5.1,5.1,creel.vw_fishery_location,2026-09-02 16:47:56 PDT
3f6ac1ef-6313-4132-ae36-6781b384404b,87a407d0-8ebe-47ce-8794-e79f98274d55,1e65263f-fd53-4e48-8262-391d5dd556ca,1e62d9c1-7d96-47b6-aa52-043e15bcee19,Skagit fall salmon 2025,6f28401b-7a2a-40ca-98de-e075f4c96450,Conway Boat Ramp (SF Skagit),Site,Index,1,1,NA,NA,NA,NA,2025-08-16,2025,2025-11-18,Skagit,Skagit River,Conway Boat Ramp (SF Skagit),4.42,4.42,creel.vw_fishery_location,2026-09-02 16:47:56 PDT
3ba2dfc6-4607-460a-8c63-b9e106259571,87a407d0-8ebe-47ce-8794-e79f98274d55,1e65263f-fd53-4e48-8262-391d5dd556ca,1e62d9c1-7d96-47b6-aa52-043e15bcee19,Skagit fall salmon 2025,8c18e742-70e1-4366-98a0-b96ce202ad01,Edgewater Park,Site,Index,1,1,NA,NA,NA,NA,2025-08-16,2025,2025-11-18,Skagit,Skagit River,Edgewater Park,11.13,11.13,creel.vw_fishery_location,2026-09-02 16:47:56 PDT
dd5ba3c7-4727-4dd4-ae9c-05158a54ad6e,87a407d0-8ebe-47ce-8794-e79f98274d55,1e65263f-fd53-4e48-8262-391d5dd556ca,1e62d9c1-7d96-47b6-aa52-043e15bcee19,Skagit fall salmon 2025,41472230-f70a-4441-9488-06b3b034153a,"North Fork Access (NF Skagit, at Best Road bridge)",Site,Index,1,1,NA,NA,NA,NA,2025-08-16,2025,2025-11-18,Skagit,Skagit River,"North Fork Access (NF Skagit, at Best Road bridge)",4.55,4.55,creel.vw_fishery_location,2026-09-02 16:47:56 PDT
963e8771-0f37-4efa-ae92-39b3cba6617d,87a407d0-8ebe-47ce-8794-e79f98274d55,1e65263f-fd53-4e48-8262-391d5dd556ca,1e62d9c1-7d96-47b6-aa52-043e15bcee19,Skagit fall salmon 2025,8a3d4571-9dff-4803-ab09-6a41ec0bade5,From Hwy. 536 at Mt. Vernon (Memorial Hwy. Bridge) to Hwy. 9 Bridge,Section,Census,2,2,1,1,NA,NA,2025-08-16,2025,2025-11-18,Skagit,Skagit River,From Hwy. 536 at Mt. Vernon (Memorial Hwy. Bridge) to Hwy. 9 Bridge,22.5,11.14,creel.vw_fishery_location,2026-09-02 16:47:56 PDT
d0c0b83f-687e-49dc-96c6-6f2c2b1693a1,87a407d0-8ebe-47ce-8794-e79f98274d55,1e65263f-fd53-4e48-8262-391d5dd556ca,1e62d9c1-7d96-47b6-aa52-043e15bcee19,Skagit fall salmon 2025,a5ac91d5-bb75-40b2-a157-3ccc149babfa,Sterling Road Access,Site,Index,2,2,NA,NA,NA,NA,2025-08-16,2025,2025-11-18,Skagit,Skagit River,Sterling Road Access,20.53,20.53,creel.vw_fishery_location,2026-09-02 16:47:56 PDT
cd296c19-782e-40a3-84cb-2a50036a2177,87a407d0-8ebe-47ce-8794-e79f98274d55,1e65263f-fd53-4e48-8262-391d5dd556ca,1e62d9c1-7d96-47b6-aa52-043e15bcee19,Skagit fall salmon 2025,200ae078-0d0a-408b-af97-ca6f70047bd9,Railroad Bar,Site,Index,2,2,NA,NA,NA,NA,2025-08-16,2025,2025-11-18,Skagit,Skagit River,Railroad Bar,16.2,16.2,creel.vw_fishery_location,2026-09-02 16:47:56 PDT
22681358-21e5-4abe-8db3-48085bf44dbf,87a407d0-8ebe-47ce-8794-e79f98274d55,1e65263f-fd53-4e48-8262-391d5dd556ca,1e62d9c1-7d96-47b6-aa52-043e15bcee19,Skagit fall salmon 2025,8059b5a5-2076-44b5-af5b-44b13c08ded0,Gardner Bar (aka Mayor Tjeerdsma launch),Site,Index,2,2,NA,NA,NA,NA,2025-08-16,2025,2025-11-18,Skagit,Skagit River,Gardner Bar (aka Mayor Tjeerdsma launch),18.17,18.17,creel.vw_fishery_location,2026-09-02 16:47:56 PDT
03bee7f1-536c-4832-be34-2f7fc29786ea,87a407d0-8ebe-47ce-8794-e79f98274d55,1e65263f-fd53-4e48-8262-391d5dd556ca,1e62d9c1-7d96-47b6-aa52-043e15bcee19,Skagit fall salmon 2025,41b55a15-0c7b-435d-8ecb-059fee145acf,Upper Young's Bar,Site,Index,2,2,NA,NA,NA,NA,2025-08-16,2025,2025-11-18,Skagit,Skagit River,Upper Young's Bar,12.1,12.1,creel.vw_fishery_location,2026-09-02 16:47:56 PDT
af4cb70a-dcad-42f4-b760-ee929a63d829,87a407d0-8ebe-47ce-8794-e79f98274d55,1e65263f-fd53-4e48-8262-391d5dd556ca,1e62d9c1-7d96-47b6-aa52-043e15bcee19,Skagit fall salmon 2025,464f1f1a-1a86-4f7c-b6d9-a358893f7a78,From Hwy. 9 Bridge to mouth of Gilligan Creek,Section,Census,3,3,1,1,NA,NA,2025-08-16,2025,2025-11-18,Skagit,Skagit River,From Hwy. 9 Bridge to mouth of Gilligan Creek,28.4,22.5,creel.vw_fishery_location,2026-09-02 16:47:56 PDT
39cad18f-b223-4886-b7a1-4a20020e21ed,87a407d0-8ebe-47ce-8794-e79f98274d55,1e65263f-fd53-4e48-8262-391d5dd556ca,1e62d9c1-7d96-47b6-aa52-043e15bcee19,Skagit fall salmon 2025,7a6e69a1-8524-4ea7-98b2-5f0c5238fc27,Gilligan Creek Access downstream to Hwy. 9 Bridge,Site,Index,3,3,NA,NA,NA,NA,2025-08-16,2025,2025-11-18,Skagit,Skagit River,Gilligan Creek Access downstream to Hwy. 9 Bridge,28.4,22.52,creel.vw_fishery_location,2026-09-02 16:47:56 PDT
ee6a3442-95b0-4318-9957-98ae2ae90561,87a407d0-8ebe-47ce-8794-e79f98274d55,1e65263f-fd53-4e48-8262-391d5dd556ca,1e62d9c1-7d96-47b6-aa52-043e15bcee19,Skagit fall salmon 2025,16a8a7a0-013c-416a-8227-df460289b0b0,Steelhead Club,Site,Index,3,3,NA,NA,NA,NA,2025-08-16,2025,2025-11-18,Skagit,Skagit River,"Only club parking lot inside fence, only vehicle & trailer combos. Watch for permanently parked rigs",24.33,24.33,creel.vw_fishery_location,2026-09-02 16:47:56 PDT
64ee2df0-8d6d-4d3d-a38d-ac79a79b2ae1,87a407d0-8ebe-47ce-8794-e79f98274d55,1e65263f-fd53-4e48-8262-391d5dd556ca,1e62d9c1-7d96-47b6-aa52-043e15bcee19,Skagit fall salmon 2025,a76a9953-7d41-4c1c-8eb2-fbd5fa8f92b2,Riverfront Park,Site,Index,3,3,NA,NA,NA,NA,2025-08-16,2025,2025-11-18,Skagit,Skagit River,Riverfront Park,23.57,23.57,creel.vw_fishery_location,2026-09-02 16:47:56 PDT
9a89f0b2-075b-4b33-bd19-d2715ecd9042,87a407d0-8ebe-47ce-8794-e79f98274d55,1e65263f-fd53-4e48-8262-391d5dd556ca,1e62d9c1-7d96-47b6-aa52-043e15bcee19,Skagit fall salmon 2025,3a94f0a0-7f59-41f7-b6c7-853b9b1e24d2,From mouth of Gilligan Creek to the Dalles Bridge at Concrete,Section,Census,4,4,1,1,NA,NA,2025-08-16,2025,2025-11-18,Skagit,Skagit River,from mouth of Gilligan Creek to the Dalles Bridge at Concrete,54.1,28.4,creel.vw_fishery_location,2026-09-02 16:47:56 PDT
66856986-263c-4c07-a3d8-bba1ec639571,87a407d0-8ebe-47ce-8794-e79f98274d55,1e65263f-fd53-4e48-8262-391d5dd556ca,1e62d9c1-7d96-47b6-aa52-043e15bcee19,Skagit fall salmon 2025,caf9610b-1362-4006-8a84-7eaa969dd6ab,Hamilton WDFW boat launch,Site,Index,4,4,NA,NA,NA,NA,2025-08-16,2025,2025-11-18,Skagit,Skagit River,Hamilton WDFW boat launch,40.49,40.49,creel.vw_fishery_location,2026-09-02 16:47:56 PDT
64b25f7f-95f8-4245-81d8-6b51ce2de19b,87a407d0-8ebe-47ce-8794-e79f98274d55,1e65263f-fd53-4e48-8262-391d5dd556ca,1e62d9c1-7d96-47b6-aa52-043e15bcee19,Skagit fall salmon 2025,4480db63-3897-4f9f-a687-33f40ba99fdc,Pressentin Creek Access downstream to Loretta Creek,Site,Index,4,4,NA,NA,NA,NA,2025-08-16,2025,2025-11-18,Skagit,Skagit River,Pressentin Creek Access downstream to Loretta Creek,47,37.15,creel.vw_fishery_location,2026-09-02 16:47:56 PDT
153936dc-0e22-4092-a4e8-5107203e5199,87a407d0-8ebe-47ce-8794-e79f98274d55,1e65263f-fd53-4e48-8262-391d5dd556ca,1e62d9c1-7d96-47b6-aa52-043e15bcee19,Skagit fall salmon 2025,6530e537-8b2f-4697-8340-57a747c21496,Birdsview WDFW boat launch,Site,Index,4,4,NA,NA,NA,NA,2025-08-16,2025,2025-11-18,Skagit,Skagit River,Birdsview WDFW boat launch,47.13,47.13,creel.vw_fishery_location,2026-09-02 16:47:56 PDT
36f90f64-660a-400c-82d5-ac0d4f36ddce,87a407d0-8ebe-47ce-8794-e79f98274d55,1e65263f-fd53-4e48-8262-391d5dd556ca,1e62d9c1-7d96-47b6-aa52-043e15bcee19,Skagit fall salmon 2025,dd8f7f90-3ade-4a0a-8974-d0144d2b4ae4,Lyman Ferry launch - north side of river,Site,Index,4,4,NA,NA,NA,NA,2025-08-16,2025,2025-11-18,Skagit,Skagit River,Lyman Ferry launch - north side of river,37.13,37.13,creel.vw_fishery_location,2026-09-02 16:47:56 PDT
ccb60eaf-08c7-41dd-8b57-6e742a9bbbf3,87a407d0-8ebe-47ce-8794-e79f98274d55,1e65263f-fd53-4e48-8262-391d5dd556ca,1e62d9c1-7d96-47b6-aa52-043e15bcee19,Skagit fall salmon 2025,5cda3da5-e126-43d5-9d2e-8829df625a18,Lyman Ferry DFW launch - south side of river,Site,Index,4,4,NA,NA,NA,NA,2025-08-16,2025,2025-11-18,Skagit,Skagit River,Lyman Ferry DFW launch - south side of river,37.13,37.13,creel.vw_fishery_location,2026-09-02 16:47:56 PDT
04a24136-3d03-4f7e-a1b5-f0b8de5deef7,87a407d0-8ebe-47ce-8794-e79f98274d55,1e65263f-fd53-4e48-8262-391d5dd556ca,1e62d9c1-7d96-47b6-aa52-043e15bcee19,Skagit fall salmon 2025,26159abe-296c-4b40-bfef-df501521dd66,From the Dalles Bridge at Concrete to the Hwy. 530 Bridge at Rockport,Section,Census,5,5,1,1,NA,NA,2025-08-16,2025,2025-11-18,Skagit,Skagit River,From the Dalles Bridge at Concrete to the Hwy. 530 Bridge at Rockport,56.37,54.1,creel.vw_fishery_location,2026-09-02 16:47:56 PDT
673046f3-3909-4c6d-a47a-09e101c86420,87a407d0-8ebe-47ce-8794-e79f98274d55,1e65263f-fd53-4e48-8262-391d5dd556ca,1e62d9c1-7d96-47b6-aa52-043e15bcee19,Skagit fall salmon 2025,129ab219-e85a-44bf-862a-c97965b53a8f,Jackman Creek bridge,Site,Index,5,5,NA,NA,NA,NA,2025-08-16,2025,2025-11-18,Skagit,Skagit River,Jackman Creek bridge,58.25,58.25,creel.vw_fishery_location,2026-09-02 16:47:56 PDT
2c909c68-4693-4d9c-b136-2cbd10a9950c,87a407d0-8ebe-47ce-8794-e79f98274d55,1e65263f-fd53-4e48-8262-391d5dd556ca,1e62d9c1-7d96-47b6-aa52-043e15bcee19,Skagit fall salmon 2025,3515b1ac-0d72-4063-af4b-2f0c7057dd76,Martin Launch (primitive Ramp across from Howard Miller Park),Site,Index,5,5,NA,NA,NA,NA,2025-08-16,2025,2025-11-18,Skagit,Skagit River,Martin Launch (primitive Ramp across from Howard Miller Park),67.72,67.72,creel.vw_fishery_location,2026-09-02 16:47:56 PDT
705790ae-82f4-4c63-a5e8-1702bde63581,87a407d0-8ebe-47ce-8794-e79f98274d55,1e65263f-fd53-4e48-8262-391d5dd556ca,1e62d9c1-7d96-47b6-aa52-043e15bcee19,Skagit fall salmon 2025,63f0f3ae-8882-4000-82b1-9a3cc03d835b,Larsen Log downstream to Ovenells Heritage Inn driveway,Site,Index,5,5,NA,NA,NA,NA,2025-08-16,2025,2025-11-18,Skagit,Skagit River,Larsen Log downstream to Ovenells Heritage Inn driveway,60.83,57.8,creel.vw_fishery_location,2026-09-02 16:47:56 PDT
ef0659e3-3a0a-4786-a209-9e6c06d2d4de,87a407d0-8ebe-47ce-8794-e79f98274d55,1e65263f-fd53-4e48-8262-391d5dd556ca,1e62d9c1-7d96-47b6-aa52-043e15bcee19,Skagit fall salmon 2025,91d6c792-b717-4e92-854f-a109d73fdee2,Howard Miller Steelhead Park ramp,Site,Index,5,5,NA,NA,NA,NA,2025-08-16,2025,2025-11-18,Skagit,Skagit River,Howard Miller Steelhead Park ramp,67.72,67.72,creel.vw_fishery_location,2026-09-02 16:47:56 PDT
7a8472b4-a962-42da-8abf-480d3ec3c66d,87a407d0-8ebe-47ce-8794-e79f98274d55,1e65263f-fd53-4e48-8262-391d5dd556ca,1e62d9c1-7d96-47b6-aa52-043e15bcee19,Skagit fall salmon 2025,9a5568a1-55c3-4a00-aba3-7f87b5d29821,Fabers North Access area and ramp,Site,Index,5,5,NA,NA,NA,NA,2025-08-16,2025,2025-11-18,Skagit,Skagit River,Fabers North Access area and ramp,62.05,62.05,creel.vw_fishery_location,2026-09-02 16:47:56 PDT
97a3081a-f280-47e5-a0ef-ae0e0c8ffe58,87a407d0-8ebe-47ce-8794-e79f98274d55,1e65263f-fd53-4e48-8262-391d5dd556ca,1e62d9c1-7d96-47b6-aa52-043e15bcee19,Skagit fall salmon 2025,69ff15ff-ce1a-4b9b-a9ca-6c784bd8daec,Fabers South Access area and ramp,Site,Index,5,5,NA,NA,NA,NA,2025-08-16,2025,2025-11-18,Skagit,Skagit River,Fabers South Access area and ramp,62.05,62.05,creel.vw_fishery_location,2026-09-02 16:47:56 PDT
9d14ea9c-c450-4751-9540-1994904f29f3,87a407d0-8ebe-47ce-8794-e79f98274d55,1e65263f-fd53-4e48-8262-391d5dd556ca,1e62d9c1-7d96-47b6-aa52-043e15bcee19,Skagit fall salmon 2025,82be4ec2-05ee-45d7-8837-f5fcf47b0425,Baker River Boat Ramp,Site,Index,5,5,NA,NA,NA,NA,2025-08-16,2025,2025-11-18,Skagit,Skagit River,Baker River Boat Ramp,56.46,56.46,creel.vw_fishery_location,2026-09-02 16:47:56 PDT
a2ed227f-0bf4-4001-bfa9-25159ac65ef4,87a407d0-8ebe-47ce-8794-e79f98274d55,1e65263f-fd53-4e48-8262-391d5dd556ca,1e62d9c1-7d96-47b6-aa52-043e15bcee19,Skagit fall salmon 2025,5a6e3bd0-05cd-4224-a7c4-63f18ea01357,From Hwy. 530 Bridge at Rockport to Cascade River Rd. (Marblemount Bridge).,Section,Census,6,6,1,1,NA,NA,2025-08-16,2025,2025-11-18,Skagit,Skagit River,from Hwy. 530 Bridge at Rockport to Cascade River Rd. (Marblemount Bridge).,78.2,67.8,creel.vw_fishery_location,2026-09-02 16:47:56 PDT
7ad94f34-3563-4e2f-b689-fdc71660fc4d,87a407d0-8ebe-47ce-8794-e79f98274d55,1e65263f-fd53-4e48-8262-391d5dd556ca,1e62d9c1-7d96-47b6-aa52-043e15bcee19,Skagit fall salmon 2025,3e44e4f9-8ede-4f35-ae32-cf4e2470cc69,Swift/Sutter rest stop,Site,Index,6,6,NA,NA,NA,NA,2025-08-16,2025,2025-11-18,Skagit,Skagit River,Swift/Sutter rest stop,71.18,70.66,creel.vw_fishery_location,2026-09-02 16:47:56 PDT
ca78b505-edaa-40ef-af52-b31809ccb299,87a407d0-8ebe-47ce-8794-e79f98274d55,1e65263f-fd53-4e48-8262-391d5dd556ca,1e62d9c1-7d96-47b6-aa52-043e15bcee19,Skagit fall salmon 2025,9a8ffee0-ebb5-4107-b052-893329b42fbe,Chapel Hole,Site,Index,6,6,NA,NA,NA,NA,2025-08-16,2025,2025-11-18,Skagit,Skagit River,Chapel Hole,75.48,75.48,creel.vw_fishery_location,2026-09-02 16:47:56 PDT
be6ed28b-d389-4564-bc94-89d66645396e,87a407d0-8ebe-47ce-8794-e79f98274d55,1e65263f-fd53-4e48-8262-391d5dd556ca,1e62d9c1-7d96-47b6-aa52-043e15bcee19,Skagit fall salmon 2025,151e682e-b3c3-48ba-9625-e12ce9051487,101 hole (Car Body hole access point),Site,Index,6,6,NA,NA,NA,NA,2025-08-16,2025,2025-11-18,Skagit,Skagit River,101 hole (Car Body hole access point),72.2,72.2,creel.vw_fishery_location,2026-09-02 16:47:56 PDT
10838f81-7250-4624-989f-41d9b68c36c6,87a407d0-8ebe-47ce-8794-e79f98274d55,1e65263f-fd53-4e48-8262-391d5dd556ca,1e62d9c1-7d96-47b6-aa52-043e15bcee19,Skagit fall salmon 2025,db286f8c-cafc-44cb-b60b-fe7219a588ef,Little eddy and Big eddy accesses,Site,Index,6,6,NA,NA,NA,NA,2025-08-16,2025,2025-11-18,Skagit,Skagit River,Little eddy and Big eddy accesses,77.8,77.8,creel.vw_fishery_location,2026-09-02 16:47:56 PDT
1b41b78d-5d6a-4604-ac4e-e159c533fe2d,87a407d0-8ebe-47ce-8794-e79f98274d55,1e65263f-fd53-4e48-8262-391d5dd556ca,1e62d9c1-7d96-47b6-aa52-043e15bcee19,Skagit fall salmon 2025,1dae3080-282e-4830-a261-776a33a00cd5,Marblemount Bridge (Witham Boat Ramp),Site,Index,6,6,NA,NA,NA,NA,2025-08-16,2025,2025-11-18,Skagit,Skagit River,Marblemount Bridge (Witham Boat Ramp),78.2,78.2,creel.vw_fishery_location,2026-09-02 16:47:56 PDT
0f5b0b1c-0433-496e-9d44-c0fce9240666,87a407d0-8ebe-47ce-8794-e79f98274d55,49dc3c6e-8dfe-4a06-95f2-bc2d027aad05,1e62d9c1-7d96-47b6-aa52-043e15bcee19,Skagit fall salmon 2025,8173f6c9-a12f-475a-82ab-6dbfcf004b7f,From mouth to Rockport-Cascade Rd. Bridge,Section,Census,7,6,1,1,NA,NA,2025-08-16,2025,2025-11-18,Cascade,Cascade River,From mouth to Rockport-Cascade Rd. Bridge,0.9,0,creel.vw_fishery_location,2026-09-02 16:47:56 PDT
7c5bf9d3-7876-4137-be4f-14046105e7fb,87a407d0-8ebe-47ce-8794-e79f98274d55,49dc3c6e-8dfe-4a06-95f2-bc2d027aad05,1e62d9c1-7d96-47b6-aa52-043e15bcee19,Skagit fall salmon 2025,79fdb03b-98e8-4960-a7fe-3debd6bcbfc5,Rockport-Cascade Road Bridge,Site,Index,7,6,NA,NA,NA,NA,2025-08-16,2025,2025-11-18,Cascade,Cascade River,Rockport-Cascade Road Bridge,0.9,0.9,creel.vw_fishery_location,2026-09-02 16:47:56 PDT
8459c763-ad9d-4faf-8e75-168ba0df901e,87a407d0-8ebe-47ce-8794-e79f98274d55,49dc3c6e-8dfe-4a06-95f2-bc2d027aad05,1e62d9c1-7d96-47b6-aa52-043e15bcee19,Skagit fall salmon 2025,84734dc0-b7a5-4327-ba26-023ae9b4eb39,Marblemount Hatchery parking lot,Site,Index,7,6,NA,NA,NA,NA,2025-08-16,2025,2025-11-18,Cascade,Cascade River,Marblemount Hatchery parking lot,0.5,0.5,creel.vw_fishery_location,2026-09-02 16:47:56 PDT
70d8e022-7ac6-4a3f-815d-df7f92fdc5af,87a407d0-8ebe-47ce-8794-e79f98274d55,49dc3c6e-8dfe-4a06-95f2-bc2d027aad05,1e62d9c1-7d96-47b6-aa52-043e15bcee19,Skagit fall salmon 2025,3cb7cca7-3a48-4379-bd3b-de57a8f8024e,Jordan Creek Bridge,Site,Index,7,6,NA,NA,NA,NA,2025-08-16,2025,2025-11-18,Cascade,Cascade River,Jordan Creek Bridge,0.5,0.5,creel.vw_fishery_location,2026-09-02 16:47:56 PDT
cb46d812-1757-49c7-af92-164b435d17a8,87a407d0-8ebe-47ce-8794-e79f98274d55,49dc3c6e-8dfe-4a06-95f2-bc2d027aad05,1e62d9c1-7d96-47b6-aa52-043e15bcee19,Skagit fall salmon 2025,63da6fc5-4dd7-4700-8cfe-15a3ed70f873,Raspberry Hole,Site,Index,7,6,NA,NA,NA,NA,2025-08-16,2025,2025-11-18,Cascade,Cascade River,Raspberry Hole,0.65,0.65,creel.vw_fishery_location,2026-09-02 16:47:56 PDT
dfe91d5f-5d08-4eb9-a4e6-4baa6f6880ec,8c870299-d77b-4a75-8124-b671cced3433,1e65263f-fd53-4e48-8262-391d5dd556ca,1e62d9c1-7d96-47b6-aa52-043e15bcee19,Skagit spring Chinook 2021 lower,e4c0099f-f28a-41a2-b95a-9a947a326bf0,From Hwy. 536 at Mt. Vernon (Memorial Hwy. Bridge) to mouth of Gilligan Creek,Section,Census,1,1,NA,NA,1,NA,2021-05-19,2021,2021-05-31,Skagit,Skagit River,from Hwy. 536 at Mt. Vernon (Memorial Hwy. Bridge) to mouth of Gilligan Creek,28.8,11.4,creel.vw_fishery_location,2026-09-02 16:47:56 PDT
970094db-f47d-4722-9a71-97aedab150f1,8c870299-d77b-4a75-8124-b671cced3433,1e65263f-fd53-4e48-8262-391d5dd556ca,1e62d9c1-7d96-47b6-aa52-043e15bcee19,Skagit spring Chinook 2021 lower,a76a9953-7d41-4c1c-8eb2-fbd5fa8f92b2,Riverfront Park,Site,Index,1,1,NA,NA,1,NA,2021-05-19,2021,2021-05-31,Skagit,Skagit River,Riverfront Park,23.57,23.57,creel.vw_fishery_location,2026-09-02 16:47:56 PDT
4b979af0-f4a0-4019-94dd-2c9c9e6638ab,8c870299-d77b-4a75-8124-b671cced3433,1e65263f-fd53-4e48-8262-391d5dd556ca,1e62d9c1-7d96-47b6-aa52-043e15bcee19,Skagit spring Chinook 2021 lower,16a8a7a0-013c-416a-8227-df460289b0b0,Steelhead Club,Site,Index,1,1,NA,NA,1,NA,2021-05-19,2021,2021-05-31,Skagit,Skagit River,"Only club parking lot inside fence, only vehicle & trailer combos. Watch for permanently parked rigs",24.33,24.33,creel.vw_fishery_location,2026-09-02 16:47:56 PDT
0a3e4920-9ade-40cc-8c1f-db08b8b95434,8c870299-d77b-4a75-8124-b671cced3433,1e65263f-fd53-4e48-8262-391d5dd556ca,1e62d9c1-7d96-47b6-aa52-043e15bcee19,Skagit spring Chinook 2021 lower,41b55a15-0c7b-435d-8ecb-059fee145acf,Upper Young's Bar,Site,Index,1,1,NA,NA,1,NA,2021-05-19,2021,2021-05-31,Skagit,Skagit River,Upper Young's Bar,12.1,12.1,creel.vw_fishery_location,2026-09-02 16:47:56 PDT
bcd24ffb-2721-42bc-8909-7f4c9eb62367,8c870299-d77b-4a75-8124-b671cced3433,1e65263f-fd53-4e48-8262-391d5dd556ca,1e62d9c1-7d96-47b6-aa52-043e15bcee19,Skagit spring Chinook 2021 lower,7a6e69a1-8524-4ea7-98b2-5f0c5238fc27,Gilligan Creek Access downstream to Hwy. 9 Bridge,Site,Index,1,1,NA,NA,1,NA,2021-05-19,2021,2021-05-31,Skagit,Skagit River,Gilligan Creek Access downstream to Hwy. 9 Bridge,28.4,22.52,creel.vw_fishery_location,2026-09-02 16:47:56 PDT
365b64a6-c0e5-4b20-8afa-cfc4211d8c87,8c870299-d77b-4a75-8124-b671cced3433,1e65263f-fd53-4e48-8262-391d5dd556ca,1e62d9c1-7d96-47b6-aa52-043e15bcee19,Skagit spring Chinook 2021 lower,8059b5a5-2076-44b5-af5b-44b13c08ded0,Gardner Bar (aka Mayor Tjeerdsma launch),Site,Index,1,1,NA,NA,1,NA,2021-05-19,2021,2021-05-31,Skagit,Skagit River,Gardner Bar (aka Mayor Tjeerdsma launch),18.17,18.17,creel.vw_fishery_location,2026-09-02 16:47:56 PDT
c644b359-3a85-4efe-8565-63b3eb58a0a8,8c870299-d77b-4a75-8124-b671cced3433,1e65263f-fd53-4e48-8262-391d5dd556ca,1e62d9c1-7d96-47b6-aa52-043e15bcee19,Skagit spring Chinook 2021 lower,8c18e742-70e1-4366-98a0-b96ce202ad01,Edgewater Park,Site,Index,1,1,NA,NA,1,NA,2021-05-19,2021,2021-05-31,Skagit,Skagit River,Edgewater Park,11.13,11.13,creel.vw_fishery_location,2026-09-02 16:47:56 PDT
0ebacecd-7833-4b5c-b4ab-96c9c5d7cb63,8c870299-d77b-4a75-8124-b671cced3433,1e65263f-fd53-4e48-8262-391d5dd556ca,1e62d9c1-7d96-47b6-aa52-043e15bcee19,Skagit spring Chinook 2021 lower,200ae078-0d0a-408b-af97-ca6f70047bd9,Railroad Bar,Site,Index,1,1,NA,NA,1,NA,2021-05-19,2021,2021-05-31,Skagit,Skagit River,Railroad Bar,16.2,16.2,creel.vw_fishery_location,2026-09-02 16:47:56 PDT
0c650549-4aee-4e3e-bb8d-8499e023c2be,8c870299-d77b-4a75-8124-b671cced3433,1e65263f-fd53-4e48-8262-391d5dd556ca,1e62d9c1-7d96-47b6-aa52-043e15bcee19,Skagit spring Chinook 2021 lower,a5ac91d5-bb75-40b2-a157-3ccc149babfa,Sterling Road Access,Site,Index,1,1,NA,NA,1,NA,2021-05-19,2021,2021-05-31,Skagit,Skagit River,Sterling Road Access,20.53,20.53,creel.vw_fishery_location,2026-09-02 16:47:56 PDT
6f3344a2-9a09-41dd-9675-3aa55193d62e,6bad3cc3-5d15-4885-b618-d3b8025313ed,1e65263f-fd53-4e48-8262-391d5dd556ca,1e62d9c1-7d96-47b6-aa52-043e15bcee19,Skagit spring Chinook 2021 upper,5a6e3bd0-05cd-4224-a7c4-63f18ea01357,From Hwy. 530 Bridge at Rockport to Cascade River Rd. (Marblemount Bridge).,Section,Census,1,1,1,1,NA,NA,2021-06-01,2021,2021-07-15,Skagit,Skagit River,from Hwy. 530 Bridge at Rockport to Cascade River Rd. (Marblemount Bridge).,78.2,67.8,creel.vw_fishery_location,2026-09-02 16:47:56 PDT
d1060d3b-bd3a-4b69-95e2-cb92cc98a1ff,6bad3cc3-5d15-4885-b618-d3b8025313ed,1e65263f-fd53-4e48-8262-391d5dd556ca,1e62d9c1-7d96-47b6-aa52-043e15bcee19,Skagit spring Chinook 2021 upper,3e44e4f9-8ede-4f35-ae32-cf4e2470cc69,Swift/Sutter rest stop,Site,Index,1,1,NA,NA,NA,NA,2021-06-01,2021,2021-07-15,Skagit,Skagit River,Swift/Sutter rest stop,71.18,70.66,creel.vw_fishery_location,2026-09-02 16:47:56 PDT
122d850f-80b8-48af-a9c1-13bd7fc45f8d,6bad3cc3-5d15-4885-b618-d3b8025313ed,1e65263f-fd53-4e48-8262-391d5dd556ca,1e62d9c1-7d96-47b6-aa52-043e15bcee19,Skagit spring Chinook 2021 upper,9a8ffee0-ebb5-4107-b052-893329b42fbe,Chapel Hole,Site,Index,1,1,NA,NA,NA,NA,2021-06-01,2021,2021-07-15,Skagit,Skagit River,Chapel Hole,75.48,75.48,creel.vw_fishery_location,2026-09-02 16:47:56 PDT
3f146b5a-df52-4e45-abe3-378508aaa6d1,6bad3cc3-5d15-4885-b618-d3b8025313ed,1e65263f-fd53-4e48-8262-391d5dd556ca,1e62d9c1-7d96-47b6-aa52-043e15bcee19,Skagit spring Chinook 2021 upper,3515b1ac-0d72-4063-af4b-2f0c7057dd76,Martin Launch (primitive Ramp across from Howard Miller Park),Site,Index,1,1,NA,NA,NA,NA,2021-06-01,2021,2021-07-15,Skagit,Skagit River,Martin Launch (primitive Ramp across from Howard Miller Park),67.72,67.72,creel.vw_fishery_location,2026-09-02 16:47:56 PDT
48764311-c3c4-4655-af39-de563319f2c3,6bad3cc3-5d15-4885-b618-d3b8025313ed,1e65263f-fd53-4e48-8262-391d5dd556ca,1e62d9c1-7d96-47b6-aa52-043e15bcee19,Skagit spring Chinook 2021 upper,1dae3080-282e-4830-a261-776a33a00cd5,Marblemount Bridge (Witham Boat Ramp),Site,Index,1,1,NA,NA,NA,NA,2021-06-01,2021,2021-07-15,Skagit,Skagit River,Marblemount Bridge (Witham Boat Ramp),78.2,78.2,creel.vw_fishery_location,2026-09-02 16:47:56 PDT
feca549c-0fb0-4645-a28e-82d7c44feb9a,6bad3cc3-5d15-4885-b618-d3b8025313ed,1e65263f-fd53-4e48-8262-391d5dd556ca,1e62d9c1-7d96-47b6-aa52-043e15bcee19,Skagit spring Chinook 2021 upper,151e682e-b3c3-48ba-9625-e12ce9051487,101 hole (Car Body hole access point),Site,Index,1,1,NA,NA,NA,NA,2021-06-01,2021,2021-07-15,Skagit,Skagit River,101 hole (Car Body hole access point),72.2,72.2,creel.vw_fishery_location,2026-09-02 16:47:56 PDT
e48acb77-313c-43c1-8d9d-8a3f2145c1a0,6bad3cc3-5d15-4885-b618-d3b8025313ed,1e65263f-fd53-4e48-8262-391d5dd556ca,1e62d9c1-7d96-47b6-aa52-043e15bcee19,Skagit spring Chinook 2021 upper,91d6c792-b717-4e92-854f-a109d73fdee2,Howard Miller Steelhead Park ramp,Site,Index,1,1,NA,NA,NA,NA,2021-06-01,2021,2021-07-15,Skagit,Skagit River,Howard Miller Steelhead Park ramp,67.72,67.72,creel.vw_fishery_location,2026-09-02 16:47:56 PDT
8c2f9de4-6972-48ca-9b85-d1b17ecf07be,6bad3cc3-5d15-4885-b618-d3b8025313ed,1e65263f-fd53-4e48-8262-391d5dd556ca,1e62d9c1-7d96-47b6-aa52-043e15bcee19,Skagit spring Chinook 2021 upper,db286f8c-cafc-44cb-b60b-fe7219a588ef,Little eddy and Big eddy accesses,Site,Index,1,1,NA,NA,NA,NA,2021-06-01,2021,2021-07-15,Skagit,Skagit River,Little eddy and Big eddy accesses,77.8,77.8,creel.vw_fishery_location,2026-09-02 16:47:56 PDT
11b2333f-df14-4ae9-a657-a5232171c118,2f27482d-9e11-40f7-a9e1-ba3d7bc22c87,1e65263f-fd53-4e48-8262-391d5dd556ca,1e62d9c1-7d96-47b6-aa52-043e15bcee19,Skagit spring Chinook 2022 lower,e4c0099f-f28a-41a2-b95a-9a947a326bf0,From Hwy. 536 at Mt. Vernon (Memorial Hwy. Bridge) to mouth of Gilligan Creek,Section,Census,1,1,1,1,NA,NA,2022-05-01,2022,2022-05-31,Skagit,Skagit River,from Hwy. 536 at Mt. Vernon (Memorial Hwy. Bridge) to mouth of Gilligan Creek,28.8,11.4,creel.vw_fishery_location,2026-09-02 16:47:56 PDT
63f3d7a5-159b-4f19-8b88-f153ca63ac92,2f27482d-9e11-40f7-a9e1-ba3d7bc22c87,1e65263f-fd53-4e48-8262-391d5dd556ca,1e62d9c1-7d96-47b6-aa52-043e15bcee19,Skagit spring Chinook 2022 lower,7a6e69a1-8524-4ea7-98b2-5f0c5238fc27,Gilligan Creek Access downstream to Hwy. 9 Bridge,Site,Index,1,1,NA,NA,NA,NA,2022-05-01,2022,2022-05-31,Skagit,Skagit River,Gilligan Creek Access downstream to Hwy. 9 Bridge,28.4,22.52,creel.vw_fishery_location,2026-09-02 16:47:56 PDT
444907ce-6560-4f11-a9e7-b827a0964b65,2f27482d-9e11-40f7-a9e1-ba3d7bc22c87,1e65263f-fd53-4e48-8262-391d5dd556ca,1e62d9c1-7d96-47b6-aa52-043e15bcee19,Skagit spring Chinook 2022 lower,8c18e742-70e1-4366-98a0-b96ce202ad01,Edgewater Park,Site,Index,1,1,NA,NA,NA,NA,2022-05-01,2022,2022-05-31,Skagit,Skagit River,Edgewater Park,11.13,11.13,creel.vw_fishery_location,2026-09-02 16:47:56 PDT
5d711351-ca40-4aa7-a6a3-2685968fbb9e,2f27482d-9e11-40f7-a9e1-ba3d7bc22c87,1e65263f-fd53-4e48-8262-391d5dd556ca,1e62d9c1-7d96-47b6-aa52-043e15bcee19,Skagit spring Chinook 2022 lower,16a8a7a0-013c-416a-8227-df460289b0b0,Steelhead Club,Site,Index,1,1,NA,NA,NA,NA,2022-05-01,2022,2022-05-31,Skagit,Skagit River,"Only club parking lot inside fence, only vehicle & trailer combos. Watch for permanently parked rigs",24.33,24.33,creel.vw_fishery_location,2026-09-02 16:47:56 PDT
e27814a4-65a3-4467-9655-58c626e76202,2f27482d-9e11-40f7-a9e1-ba3d7bc22c87,1e65263f-fd53-4e48-8262-391d5dd556ca,1e62d9c1-7d96-47b6-aa52-043e15bcee19,Skagit spring Chinook 2022 lower,a5ac91d5-bb75-40b2-a157-3ccc149babfa,Sterling Road Access,Site,Index,1,1,NA,NA,NA,NA,2022-05-01,2022,2022-05-31,Skagit,Skagit River,Sterling Road Access,20.53,20.53,creel.vw_fishery_location,2026-09-02 16:47:56 PDT
29371996-8d38-4d5e-b3ee-1ace7ad488c6,2f27482d-9e11-40f7-a9e1-ba3d7bc22c87,1e65263f-fd53-4e48-8262-391d5dd556ca,1e62d9c1-7d96-47b6-aa52-043e15bcee19,Skagit spring Chinook 2022 lower,41b55a15-0c7b-435d-8ecb-059fee145acf,Upper Young's Bar,Site,Index,1,1,NA,NA,NA,NA,2022-05-01,2022,2022-05-31,Skagit,Skagit River,Upper Young's Bar,12.1,12.1,creel.vw_fishery_location,2026-09-02 16:47:56 PDT
e3da018e-e4d1-442b-aeb8-1c4aecc97fc7,2f27482d-9e11-40f7-a9e1-ba3d7bc22c87,1e65263f-fd53-4e48-8262-391d5dd556ca,1e62d9c1-7d96-47b6-aa52-043e15bcee19,Skagit spring Chinook 2022 lower,200ae078-0d0a-408b-af97-ca6f70047bd9,Railroad Bar,Site,Index,1,1,NA,NA,NA,NA,2022-05-01,2022,2022-05-31,Skagit,Skagit River,Railroad Bar,16.2,16.2,creel.vw_fishery_location,2026-09-02 16:47:56 PDT
91e6fde0-2096-4ce2-baf9-deb44fcf12ef,2f27482d-9e11-40f7-a9e1-ba3d7bc22c87,1e65263f-fd53-4e48-8262-391d5dd556ca,1e62d9c1-7d96-47b6-aa52-043e15bcee19,Skagit spring Chinook 2022 lower,a76a9953-7d41-4c1c-8eb2-fbd5fa8f92b2,Riverfront Park,Site,Index,1,1,NA,NA,NA,NA,2022-05-01,2022,2022-05-31,Skagit,Skagit River,Riverfront Park,23.57,23.57,creel.vw_fishery_location,2026-09-02 16:47:56 PDT
cc261f97-dc2f-4554-b97c-a5da614a9e96,2f27482d-9e11-40f7-a9e1-ba3d7bc22c87,1e65263f-fd53-4e48-8262-391d5dd556ca,1e62d9c1-7d96-47b6-aa52-043e15bcee19,Skagit spring Chinook 2022 lower,8059b5a5-2076-44b5-af5b-44b13c08ded0,Gardner Bar (aka Mayor Tjeerdsma launch),Site,Index,1,1,NA,NA,NA,NA,2022-05-01,2022,2022-05-31,Skagit,Skagit River,Gardner Bar (aka Mayor Tjeerdsma launch),18.17,18.17,creel.vw_fishery_location,2026-09-02 16:47:56 PDT
1ebeb5a2-04b9-4817-8af0-cb9f8441d31e,2775d4d2-73ed-4c05-9ae5-6b6aa987418b,1e65263f-fd53-4e48-8262-391d5dd556ca,1e62d9c1-7d96-47b6-aa52-043e15bcee19,Skagit spring Chinook 2022 upper,5a6e3bd0-05cd-4224-a7c4-63f18ea01357,From Hwy. 530 Bridge at Rockport to Cascade River Rd. (Marblemount Bridge).,Section,Census,1,1,1,1,NA,NA,2022-06-01,2022,2022-07-15,Skagit,Skagit River,from Hwy. 530 Bridge at Rockport to Cascade River Rd. (Marblemount Bridge).,78.2,67.8,creel.vw_fishery_location,2026-09-02 16:47:56 PDT
692ffc6c-974b-460a-b9e3-ca1641ce8145,2775d4d2-73ed-4c05-9ae5-6b6aa987418b,1e65263f-fd53-4e48-8262-391d5dd556ca,1e62d9c1-7d96-47b6-aa52-043e15bcee19,Skagit spring Chinook 2022 upper,91d6c792-b717-4e92-854f-a109d73fdee2,Howard Miller Steelhead Park ramp,Site,Index,1,1,NA,NA,NA,NA,2022-06-01,2022,2022-07-15,Skagit,Skagit River,Howard Miller Steelhead Park ramp,67.72,67.72,creel.vw_fishery_location,2026-09-02 16:47:56 PDT
6abf7006-0b4b-4275-be4d-5d5456573e43,2775d4d2-73ed-4c05-9ae5-6b6aa987418b,1e65263f-fd53-4e48-8262-391d5dd556ca,1e62d9c1-7d96-47b6-aa52-043e15bcee19,Skagit spring Chinook 2022 upper,db286f8c-cafc-44cb-b60b-fe7219a588ef,Little eddy and Big eddy accesses,Site,Index,1,1,NA,NA,NA,NA,2022-06-01,2022,2022-07-15,Skagit,Skagit River,Little eddy and Big eddy accesses,77.8,77.8,creel.vw_fishery_location,2026-09-02 16:47:56 PDT
50aa337e-132f-4222-ae83-83e691134ad6,2775d4d2-73ed-4c05-9ae5-6b6aa987418b,1e65263f-fd53-4e48-8262-391d5dd556ca,1e62d9c1-7d96-47b6-aa52-043e15bcee19,Skagit spring Chinook 2022 upper,151e682e-b3c3-48ba-9625-e12ce9051487,101 hole (Car Body hole access point),Site,Index,1,1,NA,NA,NA,NA,2022-06-01,2022,2022-07-15,Skagit,Skagit River,101 hole (Car Body hole access point),72.2,72.2,creel.vw_fishery_location,2026-09-02 16:47:56 PDT
33b2fdbb-f1fe-44bb-9154-abc2c91d6194,2775d4d2-73ed-4c05-9ae5-6b6aa987418b,1e65263f-fd53-4e48-8262-391d5dd556ca,1e62d9c1-7d96-47b6-aa52-043e15bcee19,Skagit spring Chinook 2022 upper,3e44e4f9-8ede-4f35-ae32-cf4e2470cc69,Swift/Sutter rest stop,Site,Index,1,1,NA,NA,NA,NA,2022-06-01,2022,2022-07-15,Skagit,Skagit River,Swift/Sutter rest stop,71.18,70.66,creel.vw_fishery_location,2026-09-02 16:47:56 PDT
90238bec-cf3f-4407-9611-3cbe34af9ac0,2775d4d2-73ed-4c05-9ae5-6b6aa987418b,1e65263f-fd53-4e48-8262-391d5dd556ca,1e62d9c1-7d96-47b6-aa52-043e15bcee19,Skagit spring Chinook 2022 upper,1dae3080-282e-4830-a261-776a33a00cd5,Marblemount Bridge (Witham Boat Ramp),Site,Index,1,1,NA,NA,NA,NA,2022-06-01,2022,2022-07-15,Skagit,Skagit River,Marblemount Bridge (Witham Boat Ramp),78.2,78.2,creel.vw_fishery_location,2026-09-02 16:47:56 PDT
fd67a9ce-b6f0-4920-96e7-8c7241c3b7c7,2775d4d2-73ed-4c05-9ae5-6b6aa987418b,1e65263f-fd53-4e48-8262-391d5dd556ca,1e62d9c1-7d96-47b6-aa52-043e15bcee19,Skagit spring Chinook 2022 upper,3515b1ac-0d72-4063-af4b-2f0c7057dd76,Martin Launch (primitive Ramp across from Howard Miller Park),Site,Index,1,1,NA,NA,NA,NA,2022-06-01,2022,2022-07-15,Skagit,Skagit River,Martin Launch (primitive Ramp across from Howard Miller Park),67.72,67.72,creel.vw_fishery_location,2026-09-02 16:47:56 PDT
e3a343b8-ba62-429a-a61e-84a060295b16,2775d4d2-73ed-4c05-9ae5-6b6aa987418b,1e65263f-fd53-4e48-8262-391d5dd556ca,1e62d9c1-7d96-47b6-aa52-043e15bcee19,Skagit spring Chinook 2022 upper,9a8ffee0-ebb5-4107-b052-893329b42fbe,Chapel Hole,Site,Index,1,1,NA,NA,NA,NA,2022-06-01,2022,2022-07-15,Skagit,Skagit River,Chapel Hole,75.48,75.48,creel.vw_fishery_location,2026-09-02 16:47:56 PDT
bd014f19-f827-4879-a3bb-7cc601e980b2,ea0a2e8b-18e6-4cd3-87eb-60fc01f841b3,1e65263f-fd53-4e48-8262-391d5dd556ca,1e62d9c1-7d96-47b6-aa52-043e15bcee19,Skagit spring Chinook 2023 lower,e4c0099f-f28a-41a2-b95a-9a947a326bf0,From Hwy. 536 at Mt. Vernon (Memorial Hwy. Bridge) to mouth of Gilligan Creek,Section,Census,1,1,1,1,NA,NA,2023-05-01,2023,2023-05-31,Skagit,Skagit River,from Hwy. 536 at Mt. Vernon (Memorial Hwy. Bridge) to mouth of Gilligan Creek,28.8,11.4,creel.vw_fishery_location,2026-09-02 16:47:56 PDT
28ad1bcc-cb2e-439a-b5b6-e360e0d69ab1,ea0a2e8b-18e6-4cd3-87eb-60fc01f841b3,1e65263f-fd53-4e48-8262-391d5dd556ca,1e62d9c1-7d96-47b6-aa52-043e15bcee19,Skagit spring Chinook 2023 lower,8059b5a5-2076-44b5-af5b-44b13c08ded0,Gardner Bar (aka Mayor Tjeerdsma launch),Site,Index,1,1,NA,NA,NA,NA,2023-05-01,2023,2023-05-31,Skagit,Skagit River,Gardner Bar (aka Mayor Tjeerdsma launch),18.17,18.17,creel.vw_fishery_location,2026-09-02 16:47:56 PDT
89f6b65e-e692-435c-9ea0-0daf380aea66,ea0a2e8b-18e6-4cd3-87eb-60fc01f841b3,1e65263f-fd53-4e48-8262-391d5dd556ca,1e62d9c1-7d96-47b6-aa52-043e15bcee19,Skagit spring Chinook 2023 lower,8c18e742-70e1-4366-98a0-b96ce202ad01,Edgewater Park,Site,Index,1,1,NA,NA,NA,NA,2023-05-01,2023,2023-05-31,Skagit,Skagit River,Edgewater Park,11.13,11.13,creel.vw_fishery_location,2026-09-02 16:47:56 PDT
7e8ef84a-fba4-43d6-b831-afbb92c26f2f,ea0a2e8b-18e6-4cd3-87eb-60fc01f841b3,1e65263f-fd53-4e48-8262-391d5dd556ca,1e62d9c1-7d96-47b6-aa52-043e15bcee19,Skagit spring Chinook 2023 lower,41b55a15-0c7b-435d-8ecb-059fee145acf,Upper Young's Bar,Site,Index,1,1,NA,NA,NA,NA,2023-05-01,2023,2023-05-31,Skagit,Skagit River,Upper Young's Bar,12.1,12.1,creel.vw_fishery_location,2026-09-02 16:47:56 PDT
02df1af6-f584-46c3-bd0c-5bddb57a9f3c,ea0a2e8b-18e6-4cd3-87eb-60fc01f841b3,1e65263f-fd53-4e48-8262-391d5dd556ca,1e62d9c1-7d96-47b6-aa52-043e15bcee19,Skagit spring Chinook 2023 lower,a5ac91d5-bb75-40b2-a157-3ccc149babfa,Sterling Road Access,Site,Index,1,1,NA,NA,NA,NA,2023-05-01,2023,2023-05-31,Skagit,Skagit River,Sterling Road Access,20.53,20.53,creel.vw_fishery_location,2026-09-02 16:47:56 PDT
da200f0d-b133-49ef-bc7f-6fe3e8a269d9,ea0a2e8b-18e6-4cd3-87eb-60fc01f841b3,1e65263f-fd53-4e48-8262-391d5dd556ca,1e62d9c1-7d96-47b6-aa52-043e15bcee19,Skagit spring Chinook 2023 lower,16a8a7a0-013c-416a-8227-df460289b0b0,Steelhead Club,Site,Index,1,1,NA,NA,NA,NA,2023-05-01,2023,2023-05-31,Skagit,Skagit River,"Only club parking lot inside fence, only vehicle & trailer combos. Watch for permanently parked rigs",24.33,24.33,creel.vw_fishery_location,2026-09-02 16:47:56 PDT
51a85ed3-6100-4d95-b9d8-47d303805c0b,ea0a2e8b-18e6-4cd3-87eb-60fc01f841b3,1e65263f-fd53-4e48-8262-391d5dd556ca,1e62d9c1-7d96-47b6-aa52-043e15bcee19,Skagit spring Chinook 2023 lower,7a6e69a1-8524-4ea7-98b2-5f0c5238fc27,Gilligan Creek Access downstream to Hwy. 9 Bridge,Site,Index,1,1,NA,NA,NA,NA,2023-05-01,2023,2023-05-31,Skagit,Skagit River,Gilligan Creek Access downstream to Hwy. 9 Bridge,28.4,22.52,creel.vw_fishery_location,2026-09-02 16:47:56 PDT
f66a2464-4f2c-434d-a3c0-7991407d268c,ea0a2e8b-18e6-4cd3-87eb-60fc01f841b3,1e65263f-fd53-4e48-8262-391d5dd556ca,1e62d9c1-7d96-47b6-aa52-043e15bcee19,Skagit spring Chinook 2023 lower,200ae078-0d0a-408b-af97-ca6f70047bd9,Railroad Bar,Site,Index,1,1,NA,NA,NA,NA,2023-05-01,2023,2023-05-31,Skagit,Skagit River,Railroad Bar,16.2,16.2,creel.vw_fishery_location,2026-09-02 16:47:56 PDT
788aafa1-6194-448c-baee-afc0578bdf9b,ea0a2e8b-18e6-4cd3-87eb-60fc01f841b3,1e65263f-fd53-4e48-8262-391d5dd556ca,1e62d9c1-7d96-47b6-aa52-043e15bcee19,Skagit spring Chinook 2023 lower,a76a9953-7d41-4c1c-8eb2-fbd5fa8f92b2,Riverfront Park,Site,Index,1,1,NA,NA,NA,NA,2023-05-01,2023,2023-05-31,Skagit,Skagit River,Riverfront Park,23.57,23.57,creel.vw_fishery_location,2026-09-02 16:47:56 PDT
92f081fa-627e-417b-9155-351676588131,223ba9d2-7803-4c93-8dc4-69938d92431e,1e65263f-fd53-4e48-8262-391d5dd556ca,1e62d9c1-7d96-47b6-aa52-043e15bcee19,Skagit spring Chinook 2023 upper,5a6e3bd0-05cd-4224-a7c4-63f18ea01357,From Hwy. 530 Bridge at Rockport to Cascade River Rd. (Marblemount Bridge).,Section,Census,1,1,1,1,NA,NA,2023-06-01,2023,2023-07-15,Skagit,Skagit River,from Hwy. 530 Bridge at Rockport to Cascade River Rd. (Marblemount Bridge).,78.2,67.8,creel.vw_fishery_location,2026-09-02 16:47:56 PDT
36bd2e36-2e82-4054-b6a0-f53a7f683acb,223ba9d2-7803-4c93-8dc4-69938d92431e,1e65263f-fd53-4e48-8262-391d5dd556ca,1e62d9c1-7d96-47b6-aa52-043e15bcee19,Skagit spring Chinook 2023 upper,3515b1ac-0d72-4063-af4b-2f0c7057dd76,Martin Launch (primitive Ramp across from Howard Miller Park),Site,Index,1,1,NA,NA,NA,NA,2023-06-01,2023,2023-07-15,Skagit,Skagit River,Martin Launch (primitive Ramp across from Howard Miller Park),67.72,67.72,creel.vw_fishery_location,2026-09-02 16:47:56 PDT
e86cb7ac-a8c2-480d-95fb-6971534d6520,223ba9d2-7803-4c93-8dc4-69938d92431e,1e65263f-fd53-4e48-8262-391d5dd556ca,1e62d9c1-7d96-47b6-aa52-043e15bcee19,Skagit spring Chinook 2023 upper,151e682e-b3c3-48ba-9625-e12ce9051487,101 hole (Car Body hole access point),Site,Index,1,1,NA,NA,NA,NA,2023-06-01,2023,2023-07-15,Skagit,Skagit River,101 hole (Car Body hole access point),72.2,72.2,creel.vw_fishery_location,2026-09-02 16:47:56 PDT
65037716-7b83-4abf-b732-0e86ca2bb5cf,223ba9d2-7803-4c93-8dc4-69938d92431e,1e65263f-fd53-4e48-8262-391d5dd556ca,1e62d9c1-7d96-47b6-aa52-043e15bcee19,Skagit spring Chinook 2023 upper,9a8ffee0-ebb5-4107-b052-893329b42fbe,Chapel Hole,Site,Index,1,1,NA,NA,NA,NA,2023-06-01,2023,2023-07-15,Skagit,Skagit River,Chapel Hole,75.48,75.48,creel.vw_fishery_location,2026-09-02 16:47:56 PDT
6efdbe5b-a9b2-4ce9-a161-e50a8f4ea8b1,223ba9d2-7803-4c93-8dc4-69938d92431e,1e65263f-fd53-4e48-8262-391d5dd556ca,1e62d9c1-7d96-47b6-aa52-043e15bcee19,Skagit spring Chinook 2023 upper,3e44e4f9-8ede-4f35-ae32-cf4e2470cc69,Swift/Sutter rest stop,Site,Index,1,1,NA,NA,NA,NA,2023-06-01,2023,2023-07-15,Skagit,Skagit River,Swift/Sutter rest stop,71.18,70.66,creel.vw_fishery_location,2026-09-02 16:47:56 PDT
65484756-bd7e-4862-beb7-d83f9d3e961f,223ba9d2-7803-4c93-8dc4-69938d92431e,1e65263f-fd53-4e48-8262-391d5dd556ca,1e62d9c1-7d96-47b6-aa52-043e15bcee19,Skagit spring Chinook 2023 upper,91d6c792-b717-4e92-854f-a109d73fdee2,Howard Miller Steelhead Park ramp,Site,Index,1,1,NA,NA,NA,NA,2023-06-01,2023,2023-07-15,Skagit,Skagit River,Howard Miller Steelhead Park ramp,67.72,67.72,creel.vw_fishery_location,2026-09-02 16:47:56 PDT
b2033b22-8d4a-40d3-bbbe-24733e21dcc0,223ba9d2-7803-4c93-8dc4-69938d92431e,1e65263f-fd53-4e48-8262-391d5dd556ca,1e62d9c1-7d96-47b6-aa52-043e15bcee19,Skagit spring Chinook 2023 upper,db286f8c-cafc-44cb-b60b-fe7219a588ef,Little eddy and Big eddy accesses,Site,Index,1,1,NA,NA,NA,NA,2023-06-01,2023,2023-07-15,Skagit,Skagit River,Little eddy and Big eddy accesses,77.8,77.8,creel.vw_fishery_location,2026-09-02 16:47:56 PDT
f3922065-bb69-4f24-b801-3855d43379a8,223ba9d2-7803-4c93-8dc4-69938d92431e,1e65263f-fd53-4e48-8262-391d5dd556ca,1e62d9c1-7d96-47b6-aa52-043e15bcee19,Skagit spring Chinook 2023 upper,1dae3080-282e-4830-a261-776a33a00cd5,Marblemount Bridge (Witham Boat Ramp),Site,Index,1,1,NA,NA,NA,NA,2023-06-01,2023,2023-07-15,Skagit,Skagit River,Marblemount Bridge (Witham Boat Ramp),78.2,78.2,creel.vw_fishery_location,2026-09-02 16:47:56 PDT
77008a27-0ac2-4169-923c-be78e99a6987,1cc3a3a1-3ace-4f70-87de-e03a0d1b03d3,1e65263f-fd53-4e48-8262-391d5dd556ca,1e62d9c1-7d96-47b6-aa52-043e15bcee19,Skagit spring Chinook 2024 lower,8a3d4571-9dff-4803-ab09-6a41ec0bade5,From Hwy. 536 at Mt. Vernon (Memorial Hwy. Bridge) to Hwy. 9 Bridge,Section,Census,1,1,1,1,NA,NA,2024-04-24,2024,2024-05-31,Skagit,Skagit River,From Hwy. 536 at Mt. Vernon (Memorial Hwy. Bridge) to Hwy. 9 Bridge,22.5,11.14,creel.vw_fishery_location,2026-09-02 16:47:56 PDT
9adb8982-d429-4a8a-9565-da2f01dc102e,1cc3a3a1-3ace-4f70-87de-e03a0d1b03d3,1e65263f-fd53-4e48-8262-391d5dd556ca,1e62d9c1-7d96-47b6-aa52-043e15bcee19,Skagit spring Chinook 2024 lower,8059b5a5-2076-44b5-af5b-44b13c08ded0,Gardner Bar (aka Mayor Tjeerdsma launch),Site,Index,1,2,NA,NA,NA,NA,2024-04-24,2024,2024-05-31,Skagit,Skagit River,Gardner Bar (aka Mayor Tjeerdsma launch),18.17,18.17,creel.vw_fishery_location,2026-09-02 16:47:56 PDT
11e56b73-164a-419b-a1c7-7f5183b8346e,1cc3a3a1-3ace-4f70-87de-e03a0d1b03d3,1e65263f-fd53-4e48-8262-391d5dd556ca,1e62d9c1-7d96-47b6-aa52-043e15bcee19,Skagit spring Chinook 2024 lower,8c18e742-70e1-4366-98a0-b96ce202ad01,Edgewater Park,Site,Index,1,1,NA,NA,NA,NA,2024-04-24,2024,2024-05-31,Skagit,Skagit River,Edgewater Park,11.13,11.13,creel.vw_fishery_location,2026-09-02 16:47:56 PDT
0beb5550-3529-43c6-aa59-a289ee09d4a0,1cc3a3a1-3ace-4f70-87de-e03a0d1b03d3,1e65263f-fd53-4e48-8262-391d5dd556ca,1e62d9c1-7d96-47b6-aa52-043e15bcee19,Skagit spring Chinook 2024 lower,41b55a15-0c7b-435d-8ecb-059fee145acf,Upper Young's Bar,Site,Index,1,1,NA,NA,NA,NA,2024-04-24,2024,2024-05-31,Skagit,Skagit River,Upper Young's Bar,12.1,12.1,creel.vw_fishery_location,2026-09-02 16:47:56 PDT
ed4149e8-370f-4878-b905-231d42be2317,1cc3a3a1-3ace-4f70-87de-e03a0d1b03d3,1e65263f-fd53-4e48-8262-391d5dd556ca,1e62d9c1-7d96-47b6-aa52-043e15bcee19,Skagit spring Chinook 2024 lower,a5ac91d5-bb75-40b2-a157-3ccc149babfa,Sterling Road Access,Site,Index,1,2,NA,NA,NA,NA,2024-04-24,2024,2024-05-31,Skagit,Skagit River,Sterling Road Access,20.53,20.53,creel.vw_fishery_location,2026-09-02 16:47:56 PDT
bba6eea2-eb13-4cc0-b787-d2af2e70dfbc,1cc3a3a1-3ace-4f70-87de-e03a0d1b03d3,1e65263f-fd53-4e48-8262-391d5dd556ca,1e62d9c1-7d96-47b6-aa52-043e15bcee19,Skagit spring Chinook 2024 lower,200ae078-0d0a-408b-af97-ca6f70047bd9,Railroad Bar,Site,Index,1,1,NA,NA,NA,NA,2024-04-24,2024,2024-05-31,Skagit,Skagit River,Railroad Bar,16.2,16.2,creel.vw_fishery_location,2026-09-02 16:47:56 PDT
e30f212b-bda7-4cb8-a338-03d2eea4bce1,1cc3a3a1-3ace-4f70-87de-e03a0d1b03d3,1e65263f-fd53-4e48-8262-391d5dd556ca,1e62d9c1-7d96-47b6-aa52-043e15bcee19,Skagit spring Chinook 2024 lower,464f1f1a-1a86-4f7c-b6d9-a358893f7a78,From Hwy. 9 Bridge to mouth of Gilligan Creek,Section,Census,2,2,1,1,NA,NA,2024-04-24,2024,2024-05-31,Skagit,Skagit River,From Hwy. 9 Bridge to mouth of Gilligan Creek,28.4,22.5,creel.vw_fishery_location,2026-09-02 16:47:56 PDT
c64acf23-33ce-477d-ad8f-0676e29fc829,1cc3a3a1-3ace-4f70-87de-e03a0d1b03d3,1e65263f-fd53-4e48-8262-391d5dd556ca,1e62d9c1-7d96-47b6-aa52-043e15bcee19,Skagit spring Chinook 2024 lower,16a8a7a0-013c-416a-8227-df460289b0b0,Steelhead Club,Site,Index,2,2,NA,NA,NA,NA,2024-04-24,2024,2024-05-31,Skagit,Skagit River,"Only club parking lot inside fence, only vehicle & trailer combos. Watch for permanently parked rigs",24.33,24.33,creel.vw_fishery_location,2026-09-02 16:47:56 PDT
98d253b2-a4a3-44f8-94fd-c5d3b633541b,1cc3a3a1-3ace-4f70-87de-e03a0d1b03d3,1e65263f-fd53-4e48-8262-391d5dd556ca,1e62d9c1-7d96-47b6-aa52-043e15bcee19,Skagit spring Chinook 2024 lower,a76a9953-7d41-4c1c-8eb2-fbd5fa8f92b2,Riverfront Park,Site,Index,2,2,NA,NA,NA,NA,2024-04-24,2024,2024-05-31,Skagit,Skagit River,Riverfront Park,23.57,23.57,creel.vw_fishery_location,2026-09-02 16:47:56 PDT
e087e04a-dc4c-441f-8d8a-6de56e267f0a,1cc3a3a1-3ace-4f70-87de-e03a0d1b03d3,1e65263f-fd53-4e48-8262-391d5dd556ca,1e62d9c1-7d96-47b6-aa52-043e15bcee19,Skagit spring Chinook 2024 lower,7a6e69a1-8524-4ea7-98b2-5f0c5238fc27,Gilligan Creek Access downstream to Hwy. 9 Bridge,Site,Index,2,2,NA,NA,NA,NA,2024-04-24,2024,2024-05-31,Skagit,Skagit River,Gilligan Creek Access downstream to Hwy. 9 Bridge,28.4,22.52,creel.vw_fishery_location,2026-09-02 16:47:56 PDT
649d5d7a-3f24-4d13-bf43-8a1b23fb75c9,80dc841e-69a4-4754-8527-83c58509bfbf,1e65263f-fd53-4e48-8262-391d5dd556ca,1e62d9c1-7d96-47b6-aa52-043e15bcee19,Skagit spring Chinook 2024 upper,5a6e3bd0-05cd-4224-a7c4-63f18ea01357,From Hwy. 530 Bridge at Rockport to Cascade River Rd. (Marblemount Bridge).,Section,Census,1,3,1,1,NA,NA,2024-05-29,2024,2024-07-15,Skagit,Skagit River,from Hwy. 530 Bridge at Rockport to Cascade River Rd. (Marblemount Bridge).,78.2,67.8,creel.vw_fishery_location,2026-09-02 16:47:56 PDT
96f340c5-3a78-48dc-a4f9-1f89c77618b0,80dc841e-69a4-4754-8527-83c58509bfbf,1e65263f-fd53-4e48-8262-391d5dd556ca,1e62d9c1-7d96-47b6-aa52-043e15bcee19,Skagit spring Chinook 2024 upper,1dae3080-282e-4830-a261-776a33a00cd5,Marblemount Bridge (Witham Boat Ramp),Site,Index,1,3,NA,NA,NA,NA,2024-05-29,2024,2024-07-15,Skagit,Skagit River,Marblemount Bridge (Witham Boat Ramp),78.2,78.2,creel.vw_fishery_location,2026-09-02 16:47:56 PDT
a05f2783-a6f9-4144-863a-4a2724f5934a,80dc841e-69a4-4754-8527-83c58509bfbf,1e65263f-fd53-4e48-8262-391d5dd556ca,1e62d9c1-7d96-47b6-aa52-043e15bcee19,Skagit spring Chinook 2024 upper,91d6c792-b717-4e92-854f-a109d73fdee2,Howard Miller Steelhead Park ramp,Site,Index,1,3,NA,NA,NA,NA,2024-05-29,2024,2024-07-15,Skagit,Skagit River,Howard Miller Steelhead Park ramp,67.72,67.72,creel.vw_fishery_location,2026-09-02 16:47:56 PDT
7ab7b698-51a9-4590-b7aa-f5c9add9db3d,80dc841e-69a4-4754-8527-83c58509bfbf,1e65263f-fd53-4e48-8262-391d5dd556ca,1e62d9c1-7d96-47b6-aa52-043e15bcee19,Skagit spring Chinook 2024 upper,151e682e-b3c3-48ba-9625-e12ce9051487,101 hole (Car Body hole access point),Site,Index,1,3,NA,NA,NA,NA,2024-05-29,2024,2024-07-15,Skagit,Skagit River,101 hole (Car Body hole access point),72.2,72.2,creel.vw_fishery_location,2026-09-02 16:47:56 PDT
a2a58e45-f67e-4260-b6b8-ddbfe36dedb6,80dc841e-69a4-4754-8527-83c58509bfbf,1e65263f-fd53-4e48-8262-391d5dd556ca,1e62d9c1-7d96-47b6-aa52-043e15bcee19,Skagit spring Chinook 2024 upper,db286f8c-cafc-44cb-b60b-fe7219a588ef,Little eddy and Big eddy accesses,Site,Index,1,3,NA,NA,NA,NA,2024-05-29,2024,2024-07-15,Skagit,Skagit River,Little eddy and Big eddy accesses,77.8,77.8,creel.vw_fishery_location,2026-09-02 16:47:56 PDT
0ac788f0-9cca-489b-9a60-56c8713bc54e,80dc841e-69a4-4754-8527-83c58509bfbf,1e65263f-fd53-4e48-8262-391d5dd556ca,1e62d9c1-7d96-47b6-aa52-043e15bcee19,Skagit spring Chinook 2024 upper,3515b1ac-0d72-4063-af4b-2f0c7057dd76,Martin Launch (primitive Ramp across from Howard Miller Park),Site,Index,1,3,NA,NA,NA,NA,2024-05-29,2024,2024-07-15,Skagit,Skagit River,Martin Launch (primitive Ramp across from Howard Miller Park),67.72,67.72,creel.vw_fishery_location,2026-09-02 16:47:56 PDT
4d706a13-f8df-4b39-894f-8a33db4baa87,80dc841e-69a4-4754-8527-83c58509bfbf,1e65263f-fd53-4e48-8262-391d5dd556ca,1e62d9c1-7d96-47b6-aa52-043e15bcee19,Skagit spring Chinook 2024 upper,9a8ffee0-ebb5-4107-b052-893329b42fbe,Chapel Hole,Site,Index,1,3,NA,NA,NA,NA,2024-05-29,2024,2024-07-15,Skagit,Skagit River,Chapel Hole,75.48,75.48,creel.vw_fishery_location,2026-09-02 16:47:56 PDT
c1506d93-6059-4bf4-b9ab-62ecb011eca9,80dc841e-69a4-4754-8527-83c58509bfbf,1e65263f-fd53-4e48-8262-391d5dd556ca,1e62d9c1-7d96-47b6-aa52-043e15bcee19,Skagit spring Chinook 2024 upper,3e44e4f9-8ede-4f35-ae32-cf4e2470cc69,Swift/Sutter rest stop,Site,Index,1,3,NA,NA,NA,NA,2024-05-29,2024,2024-07-15,Skagit,Skagit River,Swift/Sutter rest stop,71.18,70.66,creel.vw_fishery_location,2026-09-02 16:47:56 PDT
90f4511d-2014-4e63-8c2d-71b28545394b,80dc841e-69a4-4754-8527-83c58509bfbf,49dc3c6e-8dfe-4a06-95f2-bc2d027aad05,1e62d9c1-7d96-47b6-aa52-043e15bcee19,Skagit spring Chinook 2024 upper,8173f6c9-a12f-475a-82ab-6dbfcf004b7f,From mouth to Rockport-Cascade Rd. Bridge,Section,Census,2,3,1,NA,NA,NA,2024-05-29,2024,2024-07-15,Cascade,Cascade River,From mouth to Rockport-Cascade Rd. Bridge,0.9,0,creel.vw_fishery_location,2026-09-02 16:47:56 PDT
c65090b1-f477-440a-97f8-ae1889bc2b33,80dc841e-69a4-4754-8527-83c58509bfbf,49dc3c6e-8dfe-4a06-95f2-bc2d027aad05,1e62d9c1-7d96-47b6-aa52-043e15bcee19,Skagit spring Chinook 2024 upper,63da6fc5-4dd7-4700-8cfe-15a3ed70f873,Raspberry Hole,Site,Index,2,3,NA,NA,NA,NA,2024-05-29,2024,2024-07-15,Cascade,Cascade River,Raspberry Hole,0.65,0.65,creel.vw_fishery_location,2026-09-02 16:47:56 PDT
47e87662-90d1-4e75-8ddc-f1b8adfcf908,80dc841e-69a4-4754-8527-83c58509bfbf,49dc3c6e-8dfe-4a06-95f2-bc2d027aad05,1e62d9c1-7d96-47b6-aa52-043e15bcee19,Skagit spring Chinook 2024 upper,84734dc0-b7a5-4327-ba26-023ae9b4eb39,Marblemount Hatchery parking lot,Site,Index,2,3,NA,NA,NA,NA,2024-05-29,2024,2024-07-15,Cascade,Cascade River,Marblemount Hatchery parking lot,0.5,0.5,creel.vw_fishery_location,2026-09-02 16:47:56 PDT
c51cf59e-d3c3-461e-b2c3-be5a2f151349,80dc841e-69a4-4754-8527-83c58509bfbf,49dc3c6e-8dfe-4a06-95f2-bc2d027aad05,1e62d9c1-7d96-47b6-aa52-043e15bcee19,Skagit spring Chinook 2024 upper,79fdb03b-98e8-4960-a7fe-3debd6bcbfc5,Rockport-Cascade Road Bridge,Site,Index,2,3,NA,NA,NA,NA,2024-05-29,2024,2024-07-15,Cascade,Cascade River,Rockport-Cascade Road Bridge,0.9,0.9,creel.vw_fishery_location,2026-09-02 16:47:56 PDT
0c6419e3-4f9e-41d3-bcfb-09e4e9704fc9,80dc841e-69a4-4754-8527-83c58509bfbf,49dc3c6e-8dfe-4a06-95f2-bc2d027aad05,1e62d9c1-7d96-47b6-aa52-043e15bcee19,Skagit spring Chinook 2024 upper,3cb7cca7-3a48-4379-bd3b-de57a8f8024e,Jordan Creek Bridge,Site,Index,2,3,NA,NA,NA,NA,2024-05-29,2024,2024-07-15,Cascade,Cascade River,Jordan Creek Bridge,0.5,0.5,creel.vw_fishery_location,2026-09-02 16:47:56 PDT
6f3d4a40-7015-4cc1-a5a4-9b480de16a3f,d1b30109-28c9-42cb-86b1-c3c3f75681e3,1e65263f-fd53-4e48-8262-391d5dd556ca,1e62d9c1-7d96-47b6-aa52-043e15bcee19,Skagit spring Chinook 2025 lower,8a3d4571-9dff-4803-ab09-6a41ec0bade5,From Hwy. 536 at Mt. Vernon (Memorial Hwy. Bridge) to Hwy. 9 Bridge,Section,Census,1,1,1,1,NA,NA,2025-04-24,2025,2025-05-31,Skagit,Skagit River,From Hwy. 536 at Mt. Vernon (Memorial Hwy. Bridge) to Hwy. 9 Bridge,22.5,11.14,creel.vw_fishery_location,2026-09-02 16:47:56 PDT
860ba1b1-133b-42c4-9254-18bc0da84ab4,d1b30109-28c9-42cb-86b1-c3c3f75681e3,1e65263f-fd53-4e48-8262-391d5dd556ca,1e62d9c1-7d96-47b6-aa52-043e15bcee19,Skagit spring Chinook 2025 lower,a5ac91d5-bb75-40b2-a157-3ccc149babfa,Sterling Road Access,Site,Index,1,1,NA,NA,NA,NA,2025-04-24,2025,2025-05-31,Skagit,Skagit River,Sterling Road Access,20.53,20.53,creel.vw_fishery_location,2026-09-02 16:47:56 PDT
be7182ba-c3b9-493b-8b96-f728731ee059,d1b30109-28c9-42cb-86b1-c3c3f75681e3,1e65263f-fd53-4e48-8262-391d5dd556ca,1e62d9c1-7d96-47b6-aa52-043e15bcee19,Skagit spring Chinook 2025 lower,8059b5a5-2076-44b5-af5b-44b13c08ded0,Gardner Bar (aka Mayor Tjeerdsma launch),Site,Index,1,1,NA,NA,NA,NA,2025-04-24,2025,2025-05-31,Skagit,Skagit River,Gardner Bar (aka Mayor Tjeerdsma launch),18.17,18.17,creel.vw_fishery_location,2026-09-02 16:47:56 PDT
cee9a140-806c-4df4-bd78-9430eb41ccd3,d1b30109-28c9-42cb-86b1-c3c3f75681e3,1e65263f-fd53-4e48-8262-391d5dd556ca,1e62d9c1-7d96-47b6-aa52-043e15bcee19,Skagit spring Chinook 2025 lower,41b55a15-0c7b-435d-8ecb-059fee145acf,Upper Young's Bar,Site,Index,1,1,NA,NA,NA,NA,2025-04-24,2025,2025-05-31,Skagit,Skagit River,Upper Young's Bar,12.1,12.1,creel.vw_fishery_location,2026-09-02 16:47:56 PDT
34bb02aa-8c46-49e6-b6f4-0d60ca2761cf,d1b30109-28c9-42cb-86b1-c3c3f75681e3,1e65263f-fd53-4e48-8262-391d5dd556ca,1e62d9c1-7d96-47b6-aa52-043e15bcee19,Skagit spring Chinook 2025 lower,8c18e742-70e1-4366-98a0-b96ce202ad01,Edgewater Park,Site,Index,1,1,NA,NA,NA,NA,2025-04-24,2025,2025-05-31,Skagit,Skagit River,Edgewater Park,11.13,11.13,creel.vw_fishery_location,2026-09-02 16:47:56 PDT
f86c8279-cd79-4e6c-8852-21e17df7332f,d1b30109-28c9-42cb-86b1-c3c3f75681e3,1e65263f-fd53-4e48-8262-391d5dd556ca,1e62d9c1-7d96-47b6-aa52-043e15bcee19,Skagit spring Chinook 2025 lower,200ae078-0d0a-408b-af97-ca6f70047bd9,Railroad Bar,Site,Index,1,1,NA,NA,NA,NA,2025-04-24,2025,2025-05-31,Skagit,Skagit River,Railroad Bar,16.2,16.2,creel.vw_fishery_location,2026-09-02 16:47:56 PDT
92c17e3a-eeb2-420c-8d71-7dfd77129e17,d1b30109-28c9-42cb-86b1-c3c3f75681e3,1e65263f-fd53-4e48-8262-391d5dd556ca,1e62d9c1-7d96-47b6-aa52-043e15bcee19,Skagit spring Chinook 2025 lower,464f1f1a-1a86-4f7c-b6d9-a358893f7a78,From Hwy. 9 Bridge to mouth of Gilligan Creek,Section,Census,2,1,1,1,NA,NA,2025-04-24,2025,2025-05-31,Skagit,Skagit River,From Hwy. 9 Bridge to mouth of Gilligan Creek,28.4,22.5,creel.vw_fishery_location,2026-09-02 16:47:56 PDT
c6526f61-c56b-4875-91fe-9c3995f05acf,d1b30109-28c9-42cb-86b1-c3c3f75681e3,1e65263f-fd53-4e48-8262-391d5dd556ca,1e62d9c1-7d96-47b6-aa52-043e15bcee19,Skagit spring Chinook 2025 lower,16a8a7a0-013c-416a-8227-df460289b0b0,Steelhead Club,Site,Index,2,1,NA,NA,NA,NA,2025-04-24,2025,2025-05-31,Skagit,Skagit River,"Only club parking lot inside fence, only vehicle & trailer combos. Watch for permanently parked rigs",24.33,24.33,creel.vw_fishery_location,2026-09-02 16:47:56 PDT
2910edb2-de4a-4ec0-ae58-049a26efaa72,d1b30109-28c9-42cb-86b1-c3c3f75681e3,1e65263f-fd53-4e48-8262-391d5dd556ca,1e62d9c1-7d96-47b6-aa52-043e15bcee19,Skagit spring Chinook 2025 lower,7a6e69a1-8524-4ea7-98b2-5f0c5238fc27,Gilligan Creek Access downstream to Hwy. 9 Bridge,Site,Index,2,1,NA,NA,NA,NA,2025-04-24,2025,2025-05-31,Skagit,Skagit River,Gilligan Creek Access downstream to Hwy. 9 Bridge,28.4,22.52,creel.vw_fishery_location,2026-09-02 16:47:56 PDT
a7872780-f131-449e-97be-40effe8429df,d1b30109-28c9-42cb-86b1-c3c3f75681e3,1e65263f-fd53-4e48-8262-391d5dd556ca,1e62d9c1-7d96-47b6-aa52-043e15bcee19,Skagit spring Chinook 2025 lower,a76a9953-7d41-4c1c-8eb2-fbd5fa8f92b2,Riverfront Park,Site,Index,2,1,NA,NA,NA,NA,2025-04-24,2025,2025-05-31,Skagit,Skagit River,Riverfront Park,23.57,23.57,creel.vw_fishery_location,2026-09-02 16:47:56 PDT
1eb6dd22-770d-4ad7-a585-ba5ba5cc70b8,e6fc1167-5327-4a71-9e41-ef364a0fb159,1e65263f-fd53-4e48-8262-391d5dd556ca,1e62d9c1-7d96-47b6-aa52-043e15bcee19,Skagit spring Chinook 2025 upper,5a6e3bd0-05cd-4224-a7c4-63f18ea01357,From Hwy. 530 Bridge at Rockport to Cascade River Rd. (Marblemount Bridge).,Section,Census,1,1,1,1,NA,NA,2025-05-28,2025,2025-07-15,Skagit,Skagit River,from Hwy. 530 Bridge at Rockport to Cascade River Rd. (Marblemount Bridge).,78.2,67.8,creel.vw_fishery_location,2026-09-02 16:47:56 PDT
2a552dc4-684b-4aa7-a05c-be9e66f4250c,e6fc1167-5327-4a71-9e41-ef364a0fb159,1e65263f-fd53-4e48-8262-391d5dd556ca,1e62d9c1-7d96-47b6-aa52-043e15bcee19,Skagit spring Chinook 2025 upper,3e44e4f9-8ede-4f35-ae32-cf4e2470cc69,Swift/Sutter rest stop,Site,Index,1,1,NA,NA,NA,NA,2025-05-28,2025,2025-07-15,Skagit,Skagit River,Swift/Sutter rest stop,71.18,70.66,creel.vw_fishery_location,2026-09-02 16:47:56 PDT
99fd5b38-60f7-44b5-8774-161910e76b29,e6fc1167-5327-4a71-9e41-ef364a0fb159,1e65263f-fd53-4e48-8262-391d5dd556ca,1e62d9c1-7d96-47b6-aa52-043e15bcee19,Skagit spring Chinook 2025 upper,9a8ffee0-ebb5-4107-b052-893329b42fbe,Chapel Hole,Site,Index,1,1,NA,NA,NA,NA,2025-05-28,2025,2025-07-15,Skagit,Skagit River,Chapel Hole,75.48,75.48,creel.vw_fishery_location,2026-09-02 16:47:56 PDT
e493e70d-f2fc-43e2-a614-fd668e0ba441,e6fc1167-5327-4a71-9e41-ef364a0fb159,1e65263f-fd53-4e48-8262-391d5dd556ca,1e62d9c1-7d96-47b6-aa52-043e15bcee19,Skagit spring Chinook 2025 upper,91d6c792-b717-4e92-854f-a109d73fdee2,Howard Miller Steelhead Park ramp,Site,Index,1,1,NA,NA,NA,NA,2025-05-28,2025,2025-07-15,Skagit,Skagit River,Howard Miller Steelhead Park ramp,67.72,67.72,creel.vw_fishery_location,2026-09-02 16:47:56 PDT
8769dadb-d2cb-4376-b6eb-50c0d004e8eb,e6fc1167-5327-4a71-9e41-ef364a0fb159,1e65263f-fd53-4e48-8262-391d5dd556ca,1e62d9c1-7d96-47b6-aa52-043e15bcee19,Skagit spring Chinook 2025 upper,1dae3080-282e-4830-a261-776a33a00cd5,Marblemount Bridge (Witham Boat Ramp),Site,Index,1,1,NA,NA,NA,NA,2025-05-28,2025,2025-07-15,Skagit,Skagit River,Marblemount Bridge (Witham Boat Ramp),78.2,78.2,creel.vw_fishery_location,2026-09-02 16:47:56 PDT
beae742e-9619-42ea-a0c9-e567e830add6,e6fc1167-5327-4a71-9e41-ef364a0fb159,1e65263f-fd53-4e48-8262-391d5dd556ca,1e62d9c1-7d96-47b6-aa52-043e15bcee19,Skagit spring Chinook 2025 upper,db286f8c-cafc-44cb-b60b-fe7219a588ef,Little eddy and Big eddy accesses,Site,Index,1,1,NA,NA,NA,NA,2025-05-28,2025,2025-07-15,Skagit,Skagit River,Little eddy and Big eddy accesses,77.8,77.8,creel.vw_fishery_location,2026-09-02 16:47:56 PDT
8ed165e1-fad4-4f5d-9a72-aaac08cc0542,e6fc1167-5327-4a71-9e41-ef364a0fb159,1e65263f-fd53-4e48-8262-391d5dd556ca,1e62d9c1-7d96-47b6-aa52-043e15bcee19,Skagit spring Chinook 2025 upper,151e682e-b3c3-48ba-9625-e12ce9051487,101 hole (Car Body hole access point),Site,Index,1,1,NA,NA,NA,NA,2025-05-28,2025,2025-07-15,Skagit,Skagit River,101 hole (Car Body hole access point),72.2,72.2,creel.vw_fishery_location,2026-09-02 16:47:56 PDT
8e643997-6d41-405f-a1c9-5c2448760045,e6fc1167-5327-4a71-9e41-ef364a0fb159,1e65263f-fd53-4e48-8262-391d5dd556ca,1e62d9c1-7d96-47b6-aa52-043e15bcee19,Skagit spring Chinook 2025 upper,3515b1ac-0d72-4063-af4b-2f0c7057dd76,Martin Launch (primitive Ramp across from Howard Miller Park),Site,Index,1,1,NA,NA,NA,NA,2025-05-28,2025,2025-07-15,Skagit,Skagit River,Martin Launch (primitive Ramp across from Howard Miller Park),67.72,67.72,creel.vw_fishery_location,2026-09-02 16:47:56 PDT
4a58a33f-201d-4ea9-887e-012cf3851a6c,e6fc1167-5327-4a71-9e41-ef364a0fb159,49dc3c6e-8dfe-4a06-95f2-bc2d027aad05,1e62d9c1-7d96-47b6-aa52-043e15bcee19,Skagit spring Chinook 2025 upper,8173f6c9-a12f-475a-82ab-6dbfcf004b7f,From mouth to Rockport-Cascade Rd. Bridge,Section,Census,2,1,1,NA,NA,NA,2025-05-28,2025,2025-07-15,Cascade,Cascade River,From mouth to Rockport-Cascade Rd. Bridge,0.9,0,creel.vw_fishery_location,2026-09-02 16:47:56 PDT
d37a3310-760f-450d-8724-ba548ac9f907,e6fc1167-5327-4a71-9e41-ef364a0fb159,49dc3c6e-8dfe-4a06-95f2-bc2d027aad05,1e62d9c1-7d96-47b6-aa52-043e15bcee19,Skagit spring Chinook 2025 upper,3cb7cca7-3a48-4379-bd3b-de57a8f8024e,Jordan Creek Bridge,Site,Index,2,1,NA,NA,NA,NA,2025-05-28,2025,2025-07-15,Cascade,Cascade River,Jordan Creek Bridge,0.5,0.5,creel.vw_fishery_location,2026-09-02 16:47:56 PDT
1340776a-d18b-40fc-8732-fee57042a61d,e6fc1167-5327-4a71-9e41-ef364a0fb159,49dc3c6e-8dfe-4a06-95f2-bc2d027aad05,1e62d9c1-7d96-47b6-aa52-043e15bcee19,Skagit spring Chinook 2025 upper,63da6fc5-4dd7-4700-8cfe-15a3ed70f873,Raspberry Hole,Site,Index,2,1,NA,NA,NA,NA,2025-05-28,2025,2025-07-15,Cascade,Cascade River,Raspberry Hole,0.65,0.65,creel.vw_fishery_location,2026-09-02 16:47:56 PDT
a9552821-d333-4c30-8893-5d665b92fb62,e6fc1167-5327-4a71-9e41-ef364a0fb159,49dc3c6e-8dfe-4a06-95f2-bc2d027aad05,1e62d9c1-7d96-47b6-aa52-043e15bcee19,Skagit spring Chinook 2025 upper,79fdb03b-98e8-4960-a7fe-3debd6bcbfc5,Rockport-Cascade Road Bridge,Site,Index,2,1,NA,NA,NA,NA,2025-05-28,2025,2025-07-15,Cascade,Cascade River,Rockport-Cascade Road Bridge,0.9,0.9,creel.vw_fishery_location,2026-09-02 16:47:56 PDT
78d114c1-fb67-43c2-b429-96435be5a40d,e6fc1167-5327-4a71-9e41-ef364a0fb159,49dc3c6e-8dfe-4a06-95f2-bc2d027aad05,1e62d9c1-7d96-47b6-aa52-043e15bcee19,Skagit spring Chinook 2025 upper,84734dc0-b7a5-4327-ba26-023ae9b4eb39,Marblemount Hatchery parking lot,Site,Index,2,1,NA,NA,NA,NA,2025-05-28,2025,2025-07-15,Cascade,Cascade River,Marblemount Hatchery parking lot,0.5,0.5,creel.vw_fishery_location,2026-09-02 16:47:56 PDT
505f3b2d-834b-432b-83d7-9ec14224aa6d,9916dba5-681b-460d-88b1-6d7fb96c7981,1e65263f-fd53-4e48-8262-391d5dd556ca,1e62d9c1-7d96-47b6-aa52-043e15bcee19,Skagit summer sockeye 2022,e4c0099f-f28a-41a2-b95a-9a947a326bf0,From Hwy. 536 at Mt. Vernon (Memorial Hwy. Bridge) to mouth of Gilligan Creek,Section,Census,1,1,1,1,1,NA,2022-06-16,2022,2022-07-29,Skagit,Skagit River,from Hwy. 536 at Mt. Vernon (Memorial Hwy. Bridge) to mouth of Gilligan Creek,28.8,11.4,creel.vw_fishery_location,2026-09-02 16:47:56 PDT
a713f3ad-df2c-44d3-b9f3-c6694bbf34bb,9916dba5-681b-460d-88b1-6d7fb96c7981,1e65263f-fd53-4e48-8262-391d5dd556ca,1e62d9c1-7d96-47b6-aa52-043e15bcee19,Skagit summer sockeye 2022,8059b5a5-2076-44b5-af5b-44b13c08ded0,Gardner Bar (aka Mayor Tjeerdsma launch),Site,Index,1,1,NA,NA,NA,NA,2022-06-16,2022,2022-07-29,Skagit,Skagit River,Gardner Bar (aka Mayor Tjeerdsma launch),18.17,18.17,creel.vw_fishery_location,2026-09-02 16:47:56 PDT
2c0bf401-0238-4de0-bc87-1c1b048cf568,9916dba5-681b-460d-88b1-6d7fb96c7981,1e65263f-fd53-4e48-8262-391d5dd556ca,1e62d9c1-7d96-47b6-aa52-043e15bcee19,Skagit summer sockeye 2022,16a8a7a0-013c-416a-8227-df460289b0b0,Steelhead Club,Site,Index,1,1,NA,NA,NA,NA,2022-06-16,2022,2022-07-29,Skagit,Skagit River,"Only club parking lot inside fence, only vehicle & trailer combos. Watch for permanently parked rigs",24.33,24.33,creel.vw_fishery_location,2026-09-02 16:47:56 PDT
10c3d8e5-bd96-4398-9e26-a9ccadea21f7,9916dba5-681b-460d-88b1-6d7fb96c7981,1e65263f-fd53-4e48-8262-391d5dd556ca,1e62d9c1-7d96-47b6-aa52-043e15bcee19,Skagit summer sockeye 2022,a76a9953-7d41-4c1c-8eb2-fbd5fa8f92b2,Riverfront Park,Site,Index,1,1,NA,NA,NA,NA,2022-06-16,2022,2022-07-29,Skagit,Skagit River,Riverfront Park,23.57,23.57,creel.vw_fishery_location,2026-09-02 16:47:56 PDT
c2fdcd07-ac55-45b9-9864-d1cbb80ff50b,9916dba5-681b-460d-88b1-6d7fb96c7981,1e65263f-fd53-4e48-8262-391d5dd556ca,1e62d9c1-7d96-47b6-aa52-043e15bcee19,Skagit summer sockeye 2022,7a6e69a1-8524-4ea7-98b2-5f0c5238fc27,Gilligan Creek Access downstream to Hwy. 9 Bridge,Site,Index,1,1,NA,NA,NA,NA,2022-06-16,2022,2022-07-29,Skagit,Skagit River,Gilligan Creek Access downstream to Hwy. 9 Bridge,28.4,22.52,creel.vw_fishery_location,2026-09-02 16:47:56 PDT
71a02697-b82a-4484-84b5-5bd214379f2c,9916dba5-681b-460d-88b1-6d7fb96c7981,1e65263f-fd53-4e48-8262-391d5dd556ca,1e62d9c1-7d96-47b6-aa52-043e15bcee19,Skagit summer sockeye 2022,200ae078-0d0a-408b-af97-ca6f70047bd9,Railroad Bar,Site,Index,1,1,NA,NA,NA,NA,2022-06-16,2022,2022-07-29,Skagit,Skagit River,Railroad Bar,16.2,16.2,creel.vw_fishery_location,2026-09-02 16:47:56 PDT
027ee3bb-bbb2-4360-9f4b-c6a71060d941,9916dba5-681b-460d-88b1-6d7fb96c7981,1e65263f-fd53-4e48-8262-391d5dd556ca,1e62d9c1-7d96-47b6-aa52-043e15bcee19,Skagit summer sockeye 2022,8c18e742-70e1-4366-98a0-b96ce202ad01,Edgewater Park,Site,Index,1,1,NA,NA,NA,NA,2022-06-16,2022,2022-07-29,Skagit,Skagit River,Edgewater Park,11.13,11.13,creel.vw_fishery_location,2026-09-02 16:47:56 PDT
66d76984-0957-44a1-a324-e7db733fb794,9916dba5-681b-460d-88b1-6d7fb96c7981,1e65263f-fd53-4e48-8262-391d5dd556ca,1e62d9c1-7d96-47b6-aa52-043e15bcee19,Skagit summer sockeye 2022,41b55a15-0c7b-435d-8ecb-059fee145acf,Upper Young's Bar,Site,Index,1,1,NA,NA,NA,NA,2022-06-16,2022,2022-07-29,Skagit,Skagit River,Upper Young's Bar,12.1,12.1,creel.vw_fishery_location,2026-09-02 16:47:56 PDT
8acde77b-0299-4a91-a555-a282977a13fa,9916dba5-681b-460d-88b1-6d7fb96c7981,1e65263f-fd53-4e48-8262-391d5dd556ca,1e62d9c1-7d96-47b6-aa52-043e15bcee19,Skagit summer sockeye 2022,3a94f0a0-7f59-41f7-b6c7-853b9b1e24d2,From mouth of Gilligan Creek to the Dalles Bridge at Concrete,Section,Census,2,2,1,1,1,NA,2022-06-16,2022,2022-07-29,Skagit,Skagit River,from mouth of Gilligan Creek to the Dalles Bridge at Concrete,54.1,28.4,creel.vw_fishery_location,2026-09-02 16:47:56 PDT
a59e2841-b5cf-4f78-9ce8-46a555f20b88,9916dba5-681b-460d-88b1-6d7fb96c7981,1e65263f-fd53-4e48-8262-391d5dd556ca,1e62d9c1-7d96-47b6-aa52-043e15bcee19,Skagit summer sockeye 2022,caf9610b-1362-4006-8a84-7eaa969dd6ab,Hamilton WDFW boat launch,Site,Index,2,2,NA,NA,NA,NA,2022-06-16,2022,2022-07-29,Skagit,Skagit River,Hamilton WDFW boat launch,40.49,40.49,creel.vw_fishery_location,2026-09-02 16:47:56 PDT
c99abc50-72fd-4830-b1db-8ad987bb9cb3,9916dba5-681b-460d-88b1-6d7fb96c7981,1e65263f-fd53-4e48-8262-391d5dd556ca,1e62d9c1-7d96-47b6-aa52-043e15bcee19,Skagit summer sockeye 2022,920c724a-d88b-405c-8460-0a67641625af,Rasar State Park,Site,Index,2,2,NA,NA,NA,NA,2022-06-16,2022,2022-07-29,Skagit,Skagit River,Rasar State Park,44.12,44.12,creel.vw_fishery_location,2026-09-02 16:47:56 PDT
48f022dc-9fc8-4704-97c0-dd59e92fbc59,9916dba5-681b-460d-88b1-6d7fb96c7981,1e65263f-fd53-4e48-8262-391d5dd556ca,1e62d9c1-7d96-47b6-aa52-043e15bcee19,Skagit summer sockeye 2022,dd8f7f90-3ade-4a0a-8974-d0144d2b4ae4,Lyman Ferry launch - north side of river,Site,Index,2,2,NA,NA,NA,NA,2022-06-16,2022,2022-07-29,Skagit,Skagit River,Lyman Ferry launch - north side of river,37.13,37.13,creel.vw_fishery_location,2026-09-02 16:47:56 PDT
0bf3b001-2010-4921-825d-6048808dd1fd,9916dba5-681b-460d-88b1-6d7fb96c7981,1e65263f-fd53-4e48-8262-391d5dd556ca,1e62d9c1-7d96-47b6-aa52-043e15bcee19,Skagit summer sockeye 2022,5cda3da5-e126-43d5-9d2e-8829df625a18,Lyman Ferry DFW launch - south side of river,Site,Index,2,2,NA,NA,NA,NA,2022-06-16,2022,2022-07-29,Skagit,Skagit River,Lyman Ferry DFW launch - south side of river,37.13,37.13,creel.vw_fishery_location,2026-09-02 16:47:56 PDT
0580478d-7501-4d82-9a2a-a034903c5b1a,9916dba5-681b-460d-88b1-6d7fb96c7981,1e65263f-fd53-4e48-8262-391d5dd556ca,1e62d9c1-7d96-47b6-aa52-043e15bcee19,Skagit summer sockeye 2022,4480db63-3897-4f9f-a687-33f40ba99fdc,Pressentin Creek Access downstream to Loretta Creek,Site,Index,2,2,NA,NA,NA,NA,2022-06-16,2022,2022-07-29,Skagit,Skagit River,Pressentin Creek Access downstream to Loretta Creek,47,37.15,creel.vw_fishery_location,2026-09-02 16:47:56 PDT
65596b21-d6b4-405c-ad23-46e53afe8c80,9916dba5-681b-460d-88b1-6d7fb96c7981,1e65263f-fd53-4e48-8262-391d5dd556ca,1e62d9c1-7d96-47b6-aa52-043e15bcee19,Skagit summer sockeye 2022,6530e537-8b2f-4697-8340-57a747c21496,Birdsview WDFW boat launch,Site,Index,2,2,NA,NA,NA,NA,2022-06-16,2022,2022-07-29,Skagit,Skagit River,Birdsview WDFW boat launch,47.13,47.13,creel.vw_fishery_location,2026-09-02 16:47:56 PDT
8e6e3547-f8be-4afc-8152-997c747f4c4c,9916dba5-681b-460d-88b1-6d7fb96c7981,1e65263f-fd53-4e48-8262-391d5dd556ca,1e62d9c1-7d96-47b6-aa52-043e15bcee19,Skagit summer sockeye 2022,4f2f781d-e534-4d44-a35a-a8a08cb23bb6,Lyman Slough Conservation Area,Site,Index,2,2,NA,NA,NA,NA,2022-06-16,2022,2022-07-29,Skagit,Skagit River,Lyman Slough Conservation Area,34.56,34.56,creel.vw_fishery_location,2026-09-02 16:47:56 PDT
7c0f3205-e75d-42dc-99b7-3677a6c5c0d7,5a22e102-6ef2-4f1b-8eb5-0bcba448242f,1e65263f-fd53-4e48-8262-391d5dd556ca,1e62d9c1-7d96-47b6-aa52-043e15bcee19,Skagit summer sockeye 2023,e4c0099f-f28a-41a2-b95a-9a947a326bf0,From Hwy. 536 at Mt. Vernon (Memorial Hwy. Bridge) to mouth of Gilligan Creek,Section,Census,1,1,1,1,NA,NA,2023-06-16,2023,2023-07-15,Skagit,Skagit River,from Hwy. 536 at Mt. Vernon (Memorial Hwy. Bridge) to mouth of Gilligan Creek,28.8,11.4,creel.vw_fishery_location,2026-09-02 16:47:56 PDT
1ac405f7-3832-4409-8043-f4167cb148e9,5a22e102-6ef2-4f1b-8eb5-0bcba448242f,1e65263f-fd53-4e48-8262-391d5dd556ca,1e62d9c1-7d96-47b6-aa52-043e15bcee19,Skagit summer sockeye 2023,8059b5a5-2076-44b5-af5b-44b13c08ded0,Gardner Bar (aka Mayor Tjeerdsma launch),Site,Index,1,1,NA,NA,NA,NA,2023-06-16,2023,2023-07-15,Skagit,Skagit River,Gardner Bar (aka Mayor Tjeerdsma launch),18.17,18.17,creel.vw_fishery_location,2026-09-02 16:47:56 PDT
4264c708-e1d6-4340-8522-8ab093c5d007,5a22e102-6ef2-4f1b-8eb5-0bcba448242f,1e65263f-fd53-4e48-8262-391d5dd556ca,1e62d9c1-7d96-47b6-aa52-043e15bcee19,Skagit summer sockeye 2023,a76a9953-7d41-4c1c-8eb2-fbd5fa8f92b2,Riverfront Park,Site,Index,1,1,NA,NA,NA,NA,2023-06-16,2023,2023-07-15,Skagit,Skagit River,Riverfront Park,23.57,23.57,creel.vw_fishery_location,2026-09-02 16:47:56 PDT
aadb119c-3a55-49f9-bc1a-fd7e4d3d5b1a,5a22e102-6ef2-4f1b-8eb5-0bcba448242f,1e65263f-fd53-4e48-8262-391d5dd556ca,1e62d9c1-7d96-47b6-aa52-043e15bcee19,Skagit summer sockeye 2023,200ae078-0d0a-408b-af97-ca6f70047bd9,Railroad Bar,Site,Index,1,1,NA,NA,NA,NA,2023-06-16,2023,2023-07-15,Skagit,Skagit River,Railroad Bar,16.2,16.2,creel.vw_fishery_location,2026-09-02 16:47:56 PDT
d346af1c-3b00-4a3f-a3fd-d1f34cd754b7,5a22e102-6ef2-4f1b-8eb5-0bcba448242f,1e65263f-fd53-4e48-8262-391d5dd556ca,1e62d9c1-7d96-47b6-aa52-043e15bcee19,Skagit summer sockeye 2023,16a8a7a0-013c-416a-8227-df460289b0b0,Steelhead Club,Site,Index,1,1,NA,NA,NA,NA,2023-06-16,2023,2023-07-15,Skagit,Skagit River,"Only club parking lot inside fence, only vehicle & trailer combos. Watch for permanently parked rigs",24.33,24.33,creel.vw_fishery_location,2026-09-02 16:47:56 PDT
793a8cd7-1ade-4aad-a4f1-65e5fdd410fa,5a22e102-6ef2-4f1b-8eb5-0bcba448242f,1e65263f-fd53-4e48-8262-391d5dd556ca,1e62d9c1-7d96-47b6-aa52-043e15bcee19,Skagit summer sockeye 2023,7a6e69a1-8524-4ea7-98b2-5f0c5238fc27,Gilligan Creek Access downstream to Hwy. 9 Bridge,Site,Index,1,1,NA,NA,NA,NA,2023-06-16,2023,2023-07-15,Skagit,Skagit River,Gilligan Creek Access downstream to Hwy. 9 Bridge,28.4,22.52,creel.vw_fishery_location,2026-09-02 16:47:56 PDT
0c8b48a3-64c8-4110-a9a8-4289f40c9e1b,5a22e102-6ef2-4f1b-8eb5-0bcba448242f,1e65263f-fd53-4e48-8262-391d5dd556ca,1e62d9c1-7d96-47b6-aa52-043e15bcee19,Skagit summer sockeye 2023,a5ac91d5-bb75-40b2-a157-3ccc149babfa,Sterling Road Access,Site,Index,1,1,NA,NA,NA,NA,2023-06-16,2023,2023-07-15,Skagit,Skagit River,Sterling Road Access,20.53,20.53,creel.vw_fishery_location,2026-09-02 16:47:56 PDT
02a5c5ee-07db-4b5d-804c-266ff2b413fa,5a22e102-6ef2-4f1b-8eb5-0bcba448242f,1e65263f-fd53-4e48-8262-391d5dd556ca,1e62d9c1-7d96-47b6-aa52-043e15bcee19,Skagit summer sockeye 2023,8c18e742-70e1-4366-98a0-b96ce202ad01,Edgewater Park,Site,Index,1,1,NA,NA,NA,NA,2023-06-16,2023,2023-07-15,Skagit,Skagit River,Edgewater Park,11.13,11.13,creel.vw_fishery_location,2026-09-02 16:47:56 PDT
30182f82-4817-4779-ac70-ebef4c54cb1e,5a22e102-6ef2-4f1b-8eb5-0bcba448242f,1e65263f-fd53-4e48-8262-391d5dd556ca,1e62d9c1-7d96-47b6-aa52-043e15bcee19,Skagit summer sockeye 2023,41b55a15-0c7b-435d-8ecb-059fee145acf,Upper Young's Bar,Site,Index,1,1,NA,NA,NA,NA,2023-06-16,2023,2023-07-15,Skagit,Skagit River,Upper Young's Bar,12.1,12.1,creel.vw_fishery_location,2026-09-02 16:47:56 PDT
9df45fc8-310d-44e5-b66e-12070407eb0d,5a22e102-6ef2-4f1b-8eb5-0bcba448242f,1e65263f-fd53-4e48-8262-391d5dd556ca,1e62d9c1-7d96-47b6-aa52-043e15bcee19,Skagit summer sockeye 2023,3a94f0a0-7f59-41f7-b6c7-853b9b1e24d2,From mouth of Gilligan Creek to the Dalles Bridge at Concrete,Section,Census,2,2,1,1,NA,NA,2023-06-16,2023,2023-07-15,Skagit,Skagit River,from mouth of Gilligan Creek to the Dalles Bridge at Concrete,54.1,28.4,creel.vw_fishery_location,2026-09-02 16:47:56 PDT
d86a8c2b-7938-45f5-9d2c-d0865c27703e,5a22e102-6ef2-4f1b-8eb5-0bcba448242f,1e65263f-fd53-4e48-8262-391d5dd556ca,1e62d9c1-7d96-47b6-aa52-043e15bcee19,Skagit summer sockeye 2023,dd8f7f90-3ade-4a0a-8974-d0144d2b4ae4,Lyman Ferry launch - north side of river,Site,Index,2,2,NA,NA,NA,NA,2023-06-16,2023,2023-07-15,Skagit,Skagit River,Lyman Ferry launch - north side of river,37.13,37.13,creel.vw_fishery_location,2026-09-02 16:47:56 PDT
f8d3048c-f232-430e-bc83-5d178b9d6d18,5a22e102-6ef2-4f1b-8eb5-0bcba448242f,1e65263f-fd53-4e48-8262-391d5dd556ca,1e62d9c1-7d96-47b6-aa52-043e15bcee19,Skagit summer sockeye 2023,6530e537-8b2f-4697-8340-57a747c21496,Birdsview WDFW boat launch,Site,Index,2,2,NA,NA,NA,NA,2023-06-16,2023,2023-07-15,Skagit,Skagit River,Birdsview WDFW boat launch,47.13,47.13,creel.vw_fishery_location,2026-09-02 16:47:56 PDT
643215d6-83c9-4185-b56a-d17084079dab,5a22e102-6ef2-4f1b-8eb5-0bcba448242f,1e65263f-fd53-4e48-8262-391d5dd556ca,1e62d9c1-7d96-47b6-aa52-043e15bcee19,Skagit summer sockeye 2023,caf9610b-1362-4006-8a84-7eaa969dd6ab,Hamilton WDFW boat launch,Site,Index,2,2,NA,NA,NA,NA,2023-06-16,2023,2023-07-15,Skagit,Skagit River,Hamilton WDFW boat launch,40.49,40.49,creel.vw_fishery_location,2026-09-02 16:47:56 PDT
e5bde61f-259c-432a-9827-9ee5dfbb5ef6,5a22e102-6ef2-4f1b-8eb5-0bcba448242f,1e65263f-fd53-4e48-8262-391d5dd556ca,1e62d9c1-7d96-47b6-aa52-043e15bcee19,Skagit summer sockeye 2023,4f2f781d-e534-4d44-a35a-a8a08cb23bb6,Lyman Slough Conservation Area,Site,Index,2,2,NA,NA,NA,NA,2023-06-16,2023,2023-07-15,Skagit,Skagit River,Lyman Slough Conservation Area,34.56,34.56,creel.vw_fishery_location,2026-09-02 16:47:56 PDT
dcc7318a-95af-4482-8e4f-d3e8b5da0f66,5a22e102-6ef2-4f1b-8eb5-0bcba448242f,1e65263f-fd53-4e48-8262-391d5dd556ca,1e62d9c1-7d96-47b6-aa52-043e15bcee19,Skagit summer sockeye 2023,920c724a-d88b-405c-8460-0a67641625af,Rasar State Park,Site,Index,2,2,NA,NA,NA,NA,2023-06-16,2023,2023-07-15,Skagit,Skagit River,Rasar State Park,44.12,44.12,creel.vw_fishery_location,2026-09-02 16:47:56 PDT
ed770843-b747-4ed2-856b-ee8fd11db56c,5a22e102-6ef2-4f1b-8eb5-0bcba448242f,1e65263f-fd53-4e48-8262-391d5dd556ca,1e62d9c1-7d96-47b6-aa52-043e15bcee19,Skagit summer sockeye 2023,4480db63-3897-4f9f-a687-33f40ba99fdc,Pressentin Creek Access downstream to Loretta Creek,Site,Index,2,2,NA,NA,NA,NA,2023-06-16,2023,2023-07-15,Skagit,Skagit River,Pressentin Creek Access downstream to Loretta Creek,47,37.15,creel.vw_fishery_location,2026-09-02 16:47:56 PDT
6d403dea-87e0-4f4d-9fec-a97772396999,5a22e102-6ef2-4f1b-8eb5-0bcba448242f,1e65263f-fd53-4e48-8262-391d5dd556ca,1e62d9c1-7d96-47b6-aa52-043e15bcee19,Skagit summer sockeye 2023,5cda3da5-e126-43d5-9d2e-8829df625a18,Lyman Ferry DFW launch - south side of river,Site,Index,2,2,NA,NA,NA,NA,2023-06-16,2023,2023-07-15,Skagit,Skagit River,Lyman Ferry DFW launch - south side of river,37.13,37.13,creel.vw_fishery_location,2026-09-02 16:47:56 PDT
d2827d1f-5f74-4401-bbb7-515bb416adad,bf96b06a-f88c-4dd4-bf3d-1e5cc74ab486,1e65263f-fd53-4e48-8262-391d5dd556ca,1e62d9c1-7d96-47b6-aa52-043e15bcee19,Skagit summer sockeye 2024,8a3d4571-9dff-4803-ab09-6a41ec0bade5,From Hwy. 536 at Mt. Vernon (Memorial Hwy. Bridge) to Hwy. 9 Bridge,Section,Census,1,1,1,1,NA,NA,2024-06-16,2024,2024-07-31,Skagit,Skagit River,From Hwy. 536 at Mt. Vernon (Memorial Hwy. Bridge) to Hwy. 9 Bridge,22.5,11.14,creel.vw_fishery_location,2026-09-02 16:47:56 PDT
7f1ba078-2247-43d9-af51-f7a453173040,bf96b06a-f88c-4dd4-bf3d-1e5cc74ab486,1e65263f-fd53-4e48-8262-391d5dd556ca,1e62d9c1-7d96-47b6-aa52-043e15bcee19,Skagit summer sockeye 2024,8c18e742-70e1-4366-98a0-b96ce202ad01,Edgewater Park,Site,Index,1,1,NA,NA,NA,NA,2024-06-16,2024,2024-07-31,Skagit,Skagit River,Edgewater Park,11.13,11.13,creel.vw_fishery_location,2026-09-02 16:47:56 PDT
98637818-037f-4d08-bd86-8570e0dbd316,bf96b06a-f88c-4dd4-bf3d-1e5cc74ab486,1e65263f-fd53-4e48-8262-391d5dd556ca,1e62d9c1-7d96-47b6-aa52-043e15bcee19,Skagit summer sockeye 2024,200ae078-0d0a-408b-af97-ca6f70047bd9,Railroad Bar,Site,Index,1,1,NA,NA,NA,NA,2024-06-16,2024,2024-07-31,Skagit,Skagit River,Railroad Bar,16.2,16.2,creel.vw_fishery_location,2026-09-02 16:47:56 PDT
ef5dadb2-e11d-4bb4-96b4-83d8d5d42cdd,bf96b06a-f88c-4dd4-bf3d-1e5cc74ab486,1e65263f-fd53-4e48-8262-391d5dd556ca,1e62d9c1-7d96-47b6-aa52-043e15bcee19,Skagit summer sockeye 2024,41b55a15-0c7b-435d-8ecb-059fee145acf,Upper Young's Bar,Site,Index,1,1,NA,NA,NA,NA,2024-06-16,2024,2024-07-31,Skagit,Skagit River,Upper Young's Bar,12.1,12.1,creel.vw_fishery_location,2026-09-02 16:47:56 PDT
62f6bd0c-dce9-4edc-9c8a-ebdfbdb6ac5d,bf96b06a-f88c-4dd4-bf3d-1e5cc74ab486,1e65263f-fd53-4e48-8262-391d5dd556ca,1e62d9c1-7d96-47b6-aa52-043e15bcee19,Skagit summer sockeye 2024,a5ac91d5-bb75-40b2-a157-3ccc149babfa,Sterling Road Access,Site,Index,1,1,NA,NA,NA,NA,2024-06-16,2024,2024-07-31,Skagit,Skagit River,Sterling Road Access,20.53,20.53,creel.vw_fishery_location,2026-09-02 16:47:56 PDT
7d281bcb-a529-4888-ac0f-d3a283ab05d6,bf96b06a-f88c-4dd4-bf3d-1e5cc74ab486,1e65263f-fd53-4e48-8262-391d5dd556ca,1e62d9c1-7d96-47b6-aa52-043e15bcee19,Skagit summer sockeye 2024,8059b5a5-2076-44b5-af5b-44b13c08ded0,Gardner Bar (aka Mayor Tjeerdsma launch),Site,Index,1,1,NA,NA,NA,NA,2024-06-16,2024,2024-07-31,Skagit,Skagit River,Gardner Bar (aka Mayor Tjeerdsma launch),18.17,18.17,creel.vw_fishery_location,2026-09-02 16:47:56 PDT
6f4c1621-919e-4aa0-83ce-365881dc4d62,bf96b06a-f88c-4dd4-bf3d-1e5cc74ab486,1e65263f-fd53-4e48-8262-391d5dd556ca,1e62d9c1-7d96-47b6-aa52-043e15bcee19,Skagit summer sockeye 2024,464f1f1a-1a86-4f7c-b6d9-a358893f7a78,From Hwy. 9 Bridge to mouth of Gilligan Creek,Section,Census,2,1,1,1,NA,NA,2024-06-16,2024,2024-07-31,Skagit,Skagit River,From Hwy. 9 Bridge to mouth of Gilligan Creek,28.4,22.5,creel.vw_fishery_location,2026-09-02 16:47:56 PDT
4a67a3ab-8273-4032-b97e-602e606f078b,bf96b06a-f88c-4dd4-bf3d-1e5cc74ab486,1e65263f-fd53-4e48-8262-391d5dd556ca,1e62d9c1-7d96-47b6-aa52-043e15bcee19,Skagit summer sockeye 2024,7a6e69a1-8524-4ea7-98b2-5f0c5238fc27,Gilligan Creek Access downstream to Hwy. 9 Bridge,Site,Index,2,1,NA,NA,NA,NA,2024-06-16,2024,2024-07-31,Skagit,Skagit River,Gilligan Creek Access downstream to Hwy. 9 Bridge,28.4,22.52,creel.vw_fishery_location,2026-09-02 16:47:56 PDT
1a056603-4763-4a64-9b0f-4ff252398641,bf96b06a-f88c-4dd4-bf3d-1e5cc74ab486,1e65263f-fd53-4e48-8262-391d5dd556ca,1e62d9c1-7d96-47b6-aa52-043e15bcee19,Skagit summer sockeye 2024,a76a9953-7d41-4c1c-8eb2-fbd5fa8f92b2,Riverfront Park,Site,Index,2,1,NA,NA,NA,NA,2024-06-16,2024,2024-07-31,Skagit,Skagit River,Riverfront Park,23.57,23.57,creel.vw_fishery_location,2026-09-02 16:47:56 PDT
574a5406-66c4-4bed-8c44-1a91d54255ba,bf96b06a-f88c-4dd4-bf3d-1e5cc74ab486,1e65263f-fd53-4e48-8262-391d5dd556ca,1e62d9c1-7d96-47b6-aa52-043e15bcee19,Skagit summer sockeye 2024,16a8a7a0-013c-416a-8227-df460289b0b0,Steelhead Club,Site,Index,2,1,NA,NA,NA,NA,2024-06-16,2024,2024-07-31,Skagit,Skagit River,"Only club parking lot inside fence, only vehicle & trailer combos. Watch for permanently parked rigs",24.33,24.33,creel.vw_fishery_location,2026-09-02 16:47:56 PDT
deabe4c5-1f4a-4dd6-bd41-3bc4477744c1,bf96b06a-f88c-4dd4-bf3d-1e5cc74ab486,1e65263f-fd53-4e48-8262-391d5dd556ca,1e62d9c1-7d96-47b6-aa52-043e15bcee19,Skagit summer sockeye 2024,3a94f0a0-7f59-41f7-b6c7-853b9b1e24d2,From mouth of Gilligan Creek to the Dalles Bridge at Concrete,Section,Census,3,2,1,1,NA,NA,2024-06-16,2024,2024-07-31,Skagit,Skagit River,from mouth of Gilligan Creek to the Dalles Bridge at Concrete,54.1,28.4,creel.vw_fishery_location,2026-09-02 16:47:56 PDT
60e85f50-0acb-4cb8-8a9f-f78a78c09749,bf96b06a-f88c-4dd4-bf3d-1e5cc74ab486,1e65263f-fd53-4e48-8262-391d5dd556ca,1e62d9c1-7d96-47b6-aa52-043e15bcee19,Skagit summer sockeye 2024,4f2f781d-e534-4d44-a35a-a8a08cb23bb6,Lyman Slough Conservation Area,Site,Index,3,2,NA,NA,NA,NA,2024-06-16,2024,2024-07-31,Skagit,Skagit River,Lyman Slough Conservation Area,34.56,34.56,creel.vw_fishery_location,2026-09-02 16:47:56 PDT
ba54f669-dea3-47e9-83b4-db700885ec12,bf96b06a-f88c-4dd4-bf3d-1e5cc74ab486,1e65263f-fd53-4e48-8262-391d5dd556ca,1e62d9c1-7d96-47b6-aa52-043e15bcee19,Skagit summer sockeye 2024,caf9610b-1362-4006-8a84-7eaa969dd6ab,Hamilton WDFW boat launch,Site,Index,3,2,NA,NA,NA,NA,2024-06-16,2024,2024-07-31,Skagit,Skagit River,Hamilton WDFW boat launch,40.49,40.49,creel.vw_fishery_location,2026-09-02 16:47:56 PDT
3073872e-4e57-43e0-97a5-761f94a4eb03,bf96b06a-f88c-4dd4-bf3d-1e5cc74ab486,1e65263f-fd53-4e48-8262-391d5dd556ca,1e62d9c1-7d96-47b6-aa52-043e15bcee19,Skagit summer sockeye 2024,6530e537-8b2f-4697-8340-57a747c21496,Birdsview WDFW boat launch,Site,Index,3,2,NA,NA,NA,NA,2024-06-16,2024,2024-07-31,Skagit,Skagit River,Birdsview WDFW boat launch,47.13,47.13,creel.vw_fishery_location,2026-09-02 16:47:56 PDT
470afd06-8f9f-417d-8471-85c42ef34271,bf96b06a-f88c-4dd4-bf3d-1e5cc74ab486,1e65263f-fd53-4e48-8262-391d5dd556ca,1e62d9c1-7d96-47b6-aa52-043e15bcee19,Skagit summer sockeye 2024,dd8f7f90-3ade-4a0a-8974-d0144d2b4ae4,Lyman Ferry launch - north side of river,Site,Index,3,2,NA,NA,NA,NA,2024-06-16,2024,2024-07-31,Skagit,Skagit River,Lyman Ferry launch - north side of river,37.13,37.13,creel.vw_fishery_location,2026-09-02 16:47:56 PDT
1d3d9b62-eef9-458b-bc9e-7bb127f93468,bf96b06a-f88c-4dd4-bf3d-1e5cc74ab486,1e65263f-fd53-4e48-8262-391d5dd556ca,1e62d9c1-7d96-47b6-aa52-043e15bcee19,Skagit summer sockeye 2024,5cda3da5-e126-43d5-9d2e-8829df625a18,Lyman Ferry DFW launch - south side of river,Site,Index,3,2,NA,NA,NA,NA,2024-06-16,2024,2024-07-31,Skagit,Skagit River,Lyman Ferry DFW launch - south side of river,37.13,37.13,creel.vw_fishery_location,2026-09-02 16:47:56 PDT
dc47c5ee-d693-4995-85d6-7b26d7e50d80,bf96b06a-f88c-4dd4-bf3d-1e5cc74ab486,1e65263f-fd53-4e48-8262-391d5dd556ca,1e62d9c1-7d96-47b6-aa52-043e15bcee19,Skagit summer sockeye 2024,4480db63-3897-4f9f-a687-33f40ba99fdc,Pressentin Creek Access downstream to Loretta Creek,Site,Index,3,2,NA,NA,NA,NA,2024-06-16,2024,2024-07-31,Skagit,Skagit River,Pressentin Creek Access downstream to Loretta Creek,47,37.15,creel.vw_fishery_location,2026-09-02 16:47:56 PDT
52a75be2-fa4c-47a9-b0ab-ecb98a60fb3c,680b3e8f-b013-4d40-9494-333f97f56002,1e65263f-fd53-4e48-8262-391d5dd556ca,1e62d9c1-7d96-47b6-aa52-043e15bcee19,Skagit summer sockeye 2025,e4c0099f-f28a-41a2-b95a-9a947a326bf0,From Hwy. 536 at Mt. Vernon (Memorial Hwy. Bridge) to mouth of Gilligan Creek,Section,Census,1,1,1,1,NA,NA,2025-06-16,2025,2025-07-31,Skagit,Skagit River,from Hwy. 536 at Mt. Vernon (Memorial Hwy. Bridge) to mouth of Gilligan Creek,28.8,11.4,creel.vw_fishery_location,2026-09-02 16:47:56 PDT
a7b760f7-a24e-4e93-8279-5679f8f2e48c,680b3e8f-b013-4d40-9494-333f97f56002,1e65263f-fd53-4e48-8262-391d5dd556ca,1e62d9c1-7d96-47b6-aa52-043e15bcee19,Skagit summer sockeye 2025,8059b5a5-2076-44b5-af5b-44b13c08ded0,Gardner Bar (aka Mayor Tjeerdsma launch),Site,Index,1,1,NA,NA,NA,NA,2025-06-16,2025,2025-07-31,Skagit,Skagit River,Gardner Bar (aka Mayor Tjeerdsma launch),18.17,18.17,creel.vw_fishery_location,2026-09-02 16:47:56 PDT
8985b740-9bd5-49cc-b485-89c114d76644,680b3e8f-b013-4d40-9494-333f97f56002,1e65263f-fd53-4e48-8262-391d5dd556ca,1e62d9c1-7d96-47b6-aa52-043e15bcee19,Skagit summer sockeye 2025,a5ac91d5-bb75-40b2-a157-3ccc149babfa,Sterling Road Access,Site,Index,1,1,NA,NA,NA,NA,2025-06-16,2025,2025-07-31,Skagit,Skagit River,Sterling Road Access,20.53,20.53,creel.vw_fishery_location,2026-09-02 16:47:56 PDT
4637f049-8a8a-4448-b7ff-5d758a1d3280,680b3e8f-b013-4d40-9494-333f97f56002,1e65263f-fd53-4e48-8262-391d5dd556ca,1e62d9c1-7d96-47b6-aa52-043e15bcee19,Skagit summer sockeye 2025,200ae078-0d0a-408b-af97-ca6f70047bd9,Railroad Bar,Site,Index,1,1,NA,NA,NA,NA,2025-06-16,2025,2025-07-31,Skagit,Skagit River,Railroad Bar,16.2,16.2,creel.vw_fishery_location,2026-09-02 16:47:56 PDT
8af5b2a2-e330-463e-94e4-4e4aef9fd9ad,680b3e8f-b013-4d40-9494-333f97f56002,1e65263f-fd53-4e48-8262-391d5dd556ca,1e62d9c1-7d96-47b6-aa52-043e15bcee19,Skagit summer sockeye 2025,16a8a7a0-013c-416a-8227-df460289b0b0,Steelhead Club,Site,Index,1,1,NA,NA,NA,NA,2025-06-16,2025,2025-07-31,Skagit,Skagit River,"Only club parking lot inside fence, only vehicle & trailer combos. Watch for permanently parked rigs",24.33,24.33,creel.vw_fishery_location,2026-09-02 16:47:56 PDT
1b41884b-13f6-4b54-b4a1-8529471b5e59,680b3e8f-b013-4d40-9494-333f97f56002,1e65263f-fd53-4e48-8262-391d5dd556ca,1e62d9c1-7d96-47b6-aa52-043e15bcee19,Skagit summer sockeye 2025,7a6e69a1-8524-4ea7-98b2-5f0c5238fc27,Gilligan Creek Access downstream to Hwy. 9 Bridge,Site,Index,1,1,1,1,NA,NA,2025-06-16,2025,2025-07-31,Skagit,Skagit River,Gilligan Creek Access downstream to Hwy. 9 Bridge,28.4,22.52,creel.vw_fishery_location,2026-09-02 16:47:56 PDT
3ba87fea-e273-494e-bb1d-ddd284407c3a,680b3e8f-b013-4d40-9494-333f97f56002,1e65263f-fd53-4e48-8262-391d5dd556ca,1e62d9c1-7d96-47b6-aa52-043e15bcee19,Skagit summer sockeye 2025,41b55a15-0c7b-435d-8ecb-059fee145acf,Upper Young's Bar,Site,Index,1,1,NA,NA,NA,NA,2025-06-16,2025,2025-07-31,Skagit,Skagit River,Upper Young's Bar,12.1,12.1,creel.vw_fishery_location,2026-09-02 16:47:56 PDT
c22b01e4-2e7a-40a0-b7e0-7736dfc6b564,680b3e8f-b013-4d40-9494-333f97f56002,1e65263f-fd53-4e48-8262-391d5dd556ca,1e62d9c1-7d96-47b6-aa52-043e15bcee19,Skagit summer sockeye 2025,a76a9953-7d41-4c1c-8eb2-fbd5fa8f92b2,Riverfront Park,Site,Index,1,1,NA,NA,NA,NA,2025-06-16,2025,2025-07-31,Skagit,Skagit River,Riverfront Park,23.57,23.57,creel.vw_fishery_location,2026-09-02 16:47:56 PDT
f00a16e3-2b13-4ba7-9639-6ef29fb72794,680b3e8f-b013-4d40-9494-333f97f56002,1e65263f-fd53-4e48-8262-391d5dd556ca,1e62d9c1-7d96-47b6-aa52-043e15bcee19,Skagit summer sockeye 2025,8c18e742-70e1-4366-98a0-b96ce202ad01,Edgewater Park,Site,Index,1,1,NA,NA,NA,NA,2025-06-16,2025,2025-07-31,Skagit,Skagit River,Edgewater Park,11.13,11.13,creel.vw_fishery_location,2026-09-02 16:47:56 PDT
95a0336f-d577-49f4-8eb2-7af22a134a82,680b3e8f-b013-4d40-9494-333f97f56002,1e65263f-fd53-4e48-8262-391d5dd556ca,1e62d9c1-7d96-47b6-aa52-043e15bcee19,Skagit summer sockeye 2025,3a94f0a0-7f59-41f7-b6c7-853b9b1e24d2,From mouth of Gilligan Creek to the Dalles Bridge at Concrete,Section,Census,2,2,1,1,NA,NA,2025-06-16,2025,2025-07-31,Skagit,Skagit River,from mouth of Gilligan Creek to the Dalles Bridge at Concrete,54.1,28.4,creel.vw_fishery_location,2026-09-02 16:47:56 PDT
a36e6ca1-a31c-4af0-9b90-66919695fd9d,680b3e8f-b013-4d40-9494-333f97f56002,1e65263f-fd53-4e48-8262-391d5dd556ca,1e62d9c1-7d96-47b6-aa52-043e15bcee19,Skagit summer sockeye 2025,dd8f7f90-3ade-4a0a-8974-d0144d2b4ae4,Lyman Ferry launch - north side of river,Site,Index,2,2,NA,NA,NA,NA,2025-06-16,2025,2025-07-31,Skagit,Skagit River,Lyman Ferry launch - north side of river,37.13,37.13,creel.vw_fishery_location,2026-09-02 16:47:56 PDT
225d4b92-0bfe-4f9f-a7df-a39fa5315a1a,680b3e8f-b013-4d40-9494-333f97f56002,1e65263f-fd53-4e48-8262-391d5dd556ca,1e62d9c1-7d96-47b6-aa52-043e15bcee19,Skagit summer sockeye 2025,4480db63-3897-4f9f-a687-33f40ba99fdc,Pressentin Creek Access downstream to Loretta Creek,Site,Index,2,2,NA,NA,NA,NA,2025-06-16,2025,2025-07-31,Skagit,Skagit River,Pressentin Creek Access downstream to Loretta Creek,47,37.15,creel.vw_fishery_location,2026-09-02 16:47:56 PDT
7d0cc615-18bf-430e-ac2d-70ab645721f6,680b3e8f-b013-4d40-9494-333f97f56002,1e65263f-fd53-4e48-8262-391d5dd556ca,1e62d9c1-7d96-47b6-aa52-043e15bcee19,Skagit summer sockeye 2025,caf9610b-1362-4006-8a84-7eaa969dd6ab,Hamilton WDFW boat launch,Site,Index,2,2,NA,NA,NA,NA,2025-06-16,2025,2025-07-31,Skagit,Skagit River,Hamilton WDFW boat launch,40.49,40.49,creel.vw_fishery_location,2026-09-02 16:47:56 PDT
328eaf76-78ab-468b-90ca-052a833fdd0d,680b3e8f-b013-4d40-9494-333f97f56002,1e65263f-fd53-4e48-8262-391d5dd556ca,1e62d9c1-7d96-47b6-aa52-043e15bcee19,Skagit summer sockeye 2025,5cda3da5-e126-43d5-9d2e-8829df625a18,Lyman Ferry DFW launch - south side of river,Site,Index,2,2,NA,NA,NA,NA,2025-06-16,2025,2025-07-31,Skagit,Skagit River,Lyman Ferry DFW launch - south side of river,37.13,37.13,creel.vw_fishery_location,2026-09-02 16:47:56 PDT
b02b89c1-e857-48cb-91ed-c7e6cd5188ba,680b3e8f-b013-4d40-9494-333f97f56002,1e65263f-fd53-4e48-8262-391d5dd556ca,1e62d9c1-7d96-47b6-aa52-043e15bcee19,Skagit summer sockeye 2025,6530e537-8b2f-4697-8340-57a747c21496,Birdsview WDFW boat launch,Site,Index,2,2,NA,NA,NA,NA,2025-06-16,2025,2025-07-31,Skagit,Skagit River,Birdsview WDFW boat launch,47.13,47.13,creel.vw_fishery_location,2026-09-02 16:47:56 PDT
92fbde27-8568-4aab-9faa-c082439cd242,73ada018-d7b5-4288-a365-a91e20ef3e9c,c7911979-ba4f-4384-99ce-2da8c8657e2d,3f092596-b23e-42ae-9661-4bffc7a8dcdf,Snohomish fall salmon 2021,7fd1cdaf-dccf-4249-a814-331696168d2d,RR Crossing to the Confluence of Skykomish and Snoqualmie,Section,Census,1,NA,1,1,1,1,2021-08-23,2021,2021-10-10,Snohomish,Snohomish River,RR Crossing to the Confluence of Skykomish and Snoqualmie,20.5,0,creel.vw_fishery_location,2026-09-02 16:47:56 PDT
e9823019-42de-43ed-a20f-eee1fa834c3b,73ada018-d7b5-4288-a365-a91e20ef3e9c,c7911979-ba4f-4384-99ce-2da8c8657e2d,3f092596-b23e-42ae-9661-4bffc7a8dcdf,Snohomish fall salmon 2021,561ffe25-56bb-42ea-8801-16e65533cd82,Langus,Site,Index,1,NA,NA,NA,NA,NA,2021-08-23,2021,2021-10-10,Snohomish,Snohomish River,Boat Launch and Smith Island Rd access points,NA,3,creel.vw_fishery_location,2026-09-02 16:47:56 PDT
70b70526-f570-4ff7-b462-bfbcd5253c8a,73ada018-d7b5-4288-a365-a91e20ef3e9c,c7911979-ba4f-4384-99ce-2da8c8657e2d,3f092596-b23e-42ae-9661-4bffc7a8dcdf,Snohomish fall salmon 2021,15b3b805-4423-4f2f-bcd9-476c904faa75,Cady Park- Snohomish,Site,Index,1,NA,NA,NA,NA,NA,2021-08-23,2021,2021-10-10,Snohomish,Snohomish River,Hand carry boat launch in city of Snohomish,NA,12.5,creel.vw_fishery_location,2026-09-02 16:47:56 PDT
fef5a700-69cb-44b9-b012-cf012677e72e,73ada018-d7b5-4288-a365-a91e20ef3e9c,c7911979-ba4f-4384-99ce-2da8c8657e2d,3f092596-b23e-42ae-9661-4bffc7a8dcdf,Snohomish fall salmon 2021,3d936f84-7069-48d0-8ba9-44c9315d0972,Rotary Park,Site,Index,1,NA,NA,NA,NA,NA,2021-08-23,2021,2021-10-10,Snohomish,Snohomish River,Boat Launch at Rotary Park,NA,7,creel.vw_fishery_location,2026-09-02 16:47:56 PDT
ff86448a-697c-4310-8f8e-e470a912f6d1,73ada018-d7b5-4288-a365-a91e20ef3e9c,c7911979-ba4f-4384-99ce-2da8c8657e2d,3f092596-b23e-42ae-9661-4bffc7a8dcdf,Snohomish fall salmon 2021,a88cf86b-05ce-4628-880a-3fe0905a2b47,Lawson's,Site,Index,1,NA,NA,NA,NA,NA,2021-08-23,2021,2021-10-10,Snohomish,Snohomish River,WDFW fishing access at Irving Lawson,NA,14,creel.vw_fishery_location,2026-09-02 16:47:56 PDT
fad5b2b0-a282-48d9-ad6c-727646eb7b46,73ada018-d7b5-4288-a365-a91e20ef3e9c,c7911979-ba4f-4384-99ce-2da8c8657e2d,3f092596-b23e-42ae-9661-4bffc7a8dcdf,Snohomish fall salmon 2021,599400ef-f257-43ca-ab5c-674d738a062e,High Bridge (Confluence),Site,Index,1,NA,NA,NA,NA,NA,2021-08-23,2021,2021-10-10,Snohomish,Snohomish River,Boat Access from Snoqualmie River off Crescent Lake,20.5,20.5,creel.vw_fishery_location,2026-09-02 16:47:56 PDT
4a8b9b7a-4a7e-4311-88dc-1bd6db8dbfbb,73ada018-d7b5-4288-a365-a91e20ef3e9c,c7911979-ba4f-4384-99ce-2da8c8657e2d,3f092596-b23e-42ae-9661-4bffc7a8dcdf,Snohomish fall salmon 2021,936a7b4f-c969-4bc8-aee2-db10543f9f9a,Bob Heirman,Site,Index,1,NA,NA,NA,NA,NA,2021-08-23,2021,2021-10-10,Snohomish,Snohomish River,County Park bank access,17,16,creel.vw_fishery_location,2026-09-02 16:47:56 PDT
0e05d0d2-c8de-44f7-aee4-e69d1b42f077,73ada018-d7b5-4288-a365-a91e20ef3e9c,c7911979-ba4f-4384-99ce-2da8c8657e2d,3f092596-b23e-42ae-9661-4bffc7a8dcdf,Snohomish fall salmon 2021,90861e34-0210-442c-af34-f73b914aa36e,Lincoln St launch,Site,Index,1,NA,NA,NA,NA,NA,2021-08-23,2021,2021-10-10,Snohomish,Snohomish River,Boat launch city of Snohomish,NA,12.5,creel.vw_fishery_location,2026-09-02 16:47:56 PDT
2dbe5371-aede-4865-a992-6ce7821001ca,73ada018-d7b5-4288-a365-a91e20ef3e9c,c7911979-ba4f-4384-99ce-2da8c8657e2d,3f092596-b23e-42ae-9661-4bffc7a8dcdf,Snohomish fall salmon 2021,4023ffe4-4cfa-4508-9fe1-384f46eaf7d0,Lowell Rd,Site,Index,1,NA,NA,NA,NA,NA,2021-08-23,2021,2021-10-10,Snohomish,Snohomish River,Pull outs along Lowell Snohomish River Rd,12,9,creel.vw_fishery_location,2026-09-02 16:47:56 PDT
f8e8f838-1622-4e03-bbf2-b85ed2873df4,73ada018-d7b5-4288-a365-a91e20ef3e9c,c7911979-ba4f-4384-99ce-2da8c8657e2d,3f092596-b23e-42ae-9661-4bffc7a8dcdf,Snohomish fall salmon 2021,87e6e5d3-8374-48b4-a8f3-dee4b38c781f,Oscar Hoover,Site,Index,1,NA,NA,NA,NA,NA,2021-08-23,2021,2021-10-10,Snohomish,Snohomish River,WDFW fishing access at Oscar Hoover,NA,16.5,creel.vw_fishery_location,2026-09-02 16:47:56 PDT
ae2f6a22-9815-4512-97fe-46300b96684c,73ada018-d7b5-4288-a365-a91e20ef3e9c,c7911979-ba4f-4384-99ce-2da8c8657e2d,3f092596-b23e-42ae-9661-4bffc7a8dcdf,Snohomish fall salmon 2021,d48f0289-7e3a-41f3-a55c-ae30b9b4e706,west 522,Site,Index,1,NA,NA,NA,NA,NA,2021-08-23,2021,2021-10-10,Snohomish,Snohomish River,from Elliot Rd?,NA,20.1,creel.vw_fishery_location,2026-09-02 16:47:56 PDT
5ccab721-fba8-4ce7-824d-a4bb2110b94b,73ada018-d7b5-4288-a365-a91e20ef3e9c,c7911979-ba4f-4384-99ce-2da8c8657e2d,3f092596-b23e-42ae-9661-4bffc7a8dcdf,Snohomish fall salmon 2021,15fda099-28e2-4d40-9590-2366c284ff5d,Tester Rd/Lord Hill,Site,Index,1,NA,NA,NA,NA,NA,2021-08-23,2021,2021-10-10,Snohomish,Snohomish River,"Lord Hill County park outside Monroe, access from Old Tester Rd",NA,20,creel.vw_fishery_location,2026-09-02 16:47:56 PDT
a0847160-351f-40e0-8d04-c399d86f4299,44c82d52-9066-4ae2-b6d9-530bedde4656,c7911979-ba4f-4384-99ce-2da8c8657e2d,3f092596-b23e-42ae-9661-4bffc7a8dcdf,Snohomish fall salmon 2022,90861e34-0210-442c-af34-f73b914aa36e,Lincoln St launch,Section,Index,1,1,NA,NA,NA,NA,2022-10-29,2022,2022-11-30,Snohomish,Snohomish River,Boat launch city of Snohomish,NA,12.5,creel.vw_fishery_location,2026-09-02 16:47:56 PDT
55a7ce8a-8659-45e6-8ddc-dc219434df61,44c82d52-9066-4ae2-b6d9-530bedde4656,c7911979-ba4f-4384-99ce-2da8c8657e2d,3f092596-b23e-42ae-9661-4bffc7a8dcdf,Snohomish fall salmon 2022,3b80bcb6-a524-4384-856e-ea34165e9b53,mouth (railroad bridge) to railroad bridge upstream Lincoln launch,Section,Census,1,1,1,1,1,1,2022-10-29,2022,2022-11-30,Snohomish,Snohomish River,mouth (railroad bridge) to railroad bridge upstream Lincoln launch,13.2,1,creel.vw_fishery_location,2026-09-02 16:47:56 PDT
8d07f2c8-c9f1-4d4f-a6c1-cef9c84aaa3d,44c82d52-9066-4ae2-b6d9-530bedde4656,c7911979-ba4f-4384-99ce-2da8c8657e2d,3f092596-b23e-42ae-9661-4bffc7a8dcdf,Snohomish fall salmon 2022,3d936f84-7069-48d0-8ba9-44c9315d0972,Rotary Park,Site,Index,1,1,NA,NA,NA,NA,2022-10-29,2022,2022-11-30,Snohomish,Snohomish River,Boat Launch at Rotary Park,NA,7,creel.vw_fishery_location,2026-09-02 16:47:56 PDT
a0fb3484-2a00-4fa9-a881-9988516ea695,44c82d52-9066-4ae2-b6d9-530bedde4656,c7911979-ba4f-4384-99ce-2da8c8657e2d,3f092596-b23e-42ae-9661-4bffc7a8dcdf,Snohomish fall salmon 2022,561ffe25-56bb-42ea-8801-16e65533cd82,Langus,Site,Index,1,1,NA,NA,NA,NA,2022-10-29,2022,2022-11-30,Snohomish,Snohomish River,Boat Launch and Smith Island Rd access points,NA,3,creel.vw_fishery_location,2026-09-02 16:47:56 PDT
6d34f4d2-ac1c-4f04-bd6d-c2d3511d1686,44c82d52-9066-4ae2-b6d9-530bedde4656,c7911979-ba4f-4384-99ce-2da8c8657e2d,3f092596-b23e-42ae-9661-4bffc7a8dcdf,Snohomish fall salmon 2022,4023ffe4-4cfa-4508-9fe1-384f46eaf7d0,Lowell Rd,Site,Index,1,1,NA,NA,NA,NA,2022-10-29,2022,2022-11-30,Snohomish,Snohomish River,Pull outs along Lowell Snohomish River Rd,12,9,creel.vw_fishery_location,2026-09-02 16:47:56 PDT
30de40c8-5995-4832-8e7b-640371296ff1,44c82d52-9066-4ae2-b6d9-530bedde4656,c7911979-ba4f-4384-99ce-2da8c8657e2d,3f092596-b23e-42ae-9661-4bffc7a8dcdf,Snohomish fall salmon 2022,15b3b805-4423-4f2f-bcd9-476c904faa75,Cady Park- Snohomish,Site,Index,1,1,NA,NA,NA,NA,2022-10-29,2022,2022-11-30,Snohomish,Snohomish River,Hand carry boat launch in city of Snohomish,NA,12.5,creel.vw_fishery_location,2026-09-02 16:47:56 PDT
f8c182be-888c-45b4-a80f-bc6b86b831c1,44c82d52-9066-4ae2-b6d9-530bedde4656,c7911979-ba4f-4384-99ce-2da8c8657e2d,3f092596-b23e-42ae-9661-4bffc7a8dcdf,Snohomish fall salmon 2022,9e4958f6-df3f-4863-b361-26af4d88df4b,railroad bridge upstream Lincoln launch upstream to the confluence of the Skykomish and Snoqualmie rivers.,Section,Census,2,2,1,1,1,1,2022-10-29,2022,2022-11-30,Snohomish,Snohomish River,railroad bridge upstream Lincoln launch upstream to the confluence of the Skykomish and Snoqualmie rivers.,20.5,13.2,creel.vw_fishery_location,2026-09-02 16:47:56 PDT
d4d8dbbd-e1d1-4917-94e5-9c49c06468b4,44c82d52-9066-4ae2-b6d9-530bedde4656,c7911979-ba4f-4384-99ce-2da8c8657e2d,3f092596-b23e-42ae-9661-4bffc7a8dcdf,Snohomish fall salmon 2022,d48f0289-7e3a-41f3-a55c-ae30b9b4e706,west 522,Site,Index,2,2,NA,NA,NA,NA,2022-10-29,2022,2022-11-30,Snohomish,Snohomish River,from Elliot Rd?,NA,20.1,creel.vw_fishery_location,2026-09-02 16:47:56 PDT
8b38c10d-ef60-45d7-bcc5-a13f05c1b48c,44c82d52-9066-4ae2-b6d9-530bedde4656,c7911979-ba4f-4384-99ce-2da8c8657e2d,3f092596-b23e-42ae-9661-4bffc7a8dcdf,Snohomish fall salmon 2022,599400ef-f257-43ca-ab5c-674d738a062e,High Bridge (Confluence),Site,Index,2,2,NA,NA,NA,NA,2022-10-29,2022,2022-11-30,Snohomish,Snohomish River,Boat Access from Snoqualmie River off Crescent Lake,20.5,20.5,creel.vw_fishery_location,2026-09-02 16:47:56 PDT
ecd47107-41d4-49ed-9662-4c6d58c0c46c,44c82d52-9066-4ae2-b6d9-530bedde4656,c7911979-ba4f-4384-99ce-2da8c8657e2d,3f092596-b23e-42ae-9661-4bffc7a8dcdf,Snohomish fall salmon 2022,15fda099-28e2-4d40-9590-2366c284ff5d,Tester Rd/Lord Hill,Site,Index,2,2,NA,NA,NA,NA,2022-10-29,2022,2022-11-30,Snohomish,Snohomish River,"Lord Hill County park outside Monroe, access from Old Tester Rd",NA,20,creel.vw_fishery_location,2026-09-02 16:47:56 PDT
d03d4d42-7643-4f7d-8156-1d759a41f69e,44c82d52-9066-4ae2-b6d9-530bedde4656,c7911979-ba4f-4384-99ce-2da8c8657e2d,3f092596-b23e-42ae-9661-4bffc7a8dcdf,Snohomish fall salmon 2022,87e6e5d3-8374-48b4-a8f3-dee4b38c781f,Oscar Hoover,Site,Index,2,2,NA,NA,NA,NA,2022-10-29,2022,2022-11-30,Snohomish,Snohomish River,WDFW fishing access at Oscar Hoover,NA,16.5,creel.vw_fishery_location,2026-09-02 16:47:56 PDT
37816430-bb09-4295-b392-e94c74042ff0,44c82d52-9066-4ae2-b6d9-530bedde4656,c7911979-ba4f-4384-99ce-2da8c8657e2d,3f092596-b23e-42ae-9661-4bffc7a8dcdf,Snohomish fall salmon 2022,a88cf86b-05ce-4628-880a-3fe0905a2b47,Lawson's,Site,Index,2,1,NA,NA,NA,NA,2022-10-29,2022,2022-11-30,Snohomish,Snohomish River,WDFW fishing access at Irving Lawson,NA,14,creel.vw_fishery_location,2026-09-02 16:47:56 PDT
7e8a995c-d670-415f-bd56-22b6aed469a5,44c82d52-9066-4ae2-b6d9-530bedde4656,c7911979-ba4f-4384-99ce-2da8c8657e2d,3f092596-b23e-42ae-9661-4bffc7a8dcdf,Snohomish fall salmon 2022,936a7b4f-c969-4bc8-aee2-db10543f9f9a,Bob Heirman,Site,Index,2,1,NA,NA,NA,NA,2022-10-29,2022,2022-11-30,Snohomish,Snohomish River,County Park bank access,17,16,creel.vw_fishery_location,2026-09-02 16:47:56 PDT
96e5ec4f-5fa2-4063-959a-0c687f03acad,44c82d52-9066-4ae2-b6d9-530bedde4656,25b37dc9-689f-4670-98d3-844c7a20abf7,3f092596-b23e-42ae-9661-4bffc7a8dcdf,Snohomish fall salmon 2022,adbe0df3-f0ab-4abb-981a-22a216d352c5,Mouth of Harris Creek to mouth of Tolt River,Section,Census,3,3,1,1,1,1,2022-10-29,2022,2022-11-30,Snoqualmie,Snoqualmie River,Harris creek to the mouth of the Tolt River,25,21,creel.vw_fishery_location,2026-09-02 16:47:56 PDT
aa87675a-f148-4b89-97da-7ce3957e16de,44c82d52-9066-4ae2-b6d9-530bedde4656,25b37dc9-689f-4670-98d3-844c7a20abf7,3f092596-b23e-42ae-9661-4bffc7a8dcdf,Snohomish fall salmon 2022,cae35d28-4eb3-4a7d-baf9-a7f425345b00,Mouth to Taylor's Landing,Section,Census,3,3,1,1,1,1,2022-10-29,2022,2022-11-30,Snoqualmie,Snoqualmie River,Mouth to Taylor's Landing,9.75,0,creel.vw_fishery_location,2026-09-02 16:47:56 PDT
8f2ae5e3-02f8-4cdc-9fa2-750eff1973ec,44c82d52-9066-4ae2-b6d9-530bedde4656,25b37dc9-689f-4670-98d3-844c7a20abf7,3f092596-b23e-42ae-9661-4bffc7a8dcdf,Snohomish fall salmon 2022,c1b8f74a-1c69-4280-8d88-495c212863a7,Richters boat ramp to Plum Boat access,Section,Census,3,3,1,1,1,1,2022-10-29,2022,2022-11-30,Snoqualmie,Snoqualmie River,Richters boat ramp to Plum Boat access,39,33,creel.vw_fishery_location,2026-09-02 16:47:56 PDT
5a655f45-f0ab-4cb9-9923-39ffce44cbd8,44c82d52-9066-4ae2-b6d9-530bedde4656,25b37dc9-689f-4670-98d3-844c7a20abf7,3f092596-b23e-42ae-9661-4bffc7a8dcdf,Snohomish fall salmon 2022,291e7cfd-3e22-46b3-9afe-e47db551858b,Tolt Hill Boat Launch,Site,Index,3,3,NA,NA,NA,NA,2022-10-29,2022,2022-11-30,Snoqualmie,Snoqualmie River,On the Snoqualmie near the mouth of the Tolt River,25,25,creel.vw_fishery_location,2026-09-02 16:47:56 PDT
2ca6c147-2021-4ddc-aafd-265a4ea7aa4b,44c82d52-9066-4ae2-b6d9-530bedde4656,25b37dc9-689f-4670-98d3-844c7a20abf7,3f092596-b23e-42ae-9661-4bffc7a8dcdf,Snohomish fall salmon 2022,55d89651-73c7-47f4-b7c6-addbde45c60b,Neal Rd,Site,Index,3,3,NA,NA,NA,NA,2022-10-29,2022,2022-11-30,Snoqualmie,Snoqualmie River,Bank access to Snoqualmie.  Across from Olive Taylor Park,35,34,creel.vw_fishery_location,2026-09-02 16:47:56 PDT
78e13548-d9e2-4d96-aa41-be7bf0cfff9c,44c82d52-9066-4ae2-b6d9-530bedde4656,25b37dc9-689f-4670-98d3-844c7a20abf7,3f092596-b23e-42ae-9661-4bffc7a8dcdf,Snohomish fall salmon 2022,9516b1d4-f17a-4ff9-85c4-f6928f92fd1a,HWY 202 Bridge,Site,Index,3,3,NA,NA,NA,NA,2022-10-29,2022,2022-11-30,Snoqualmie,Snoqualmie River,Bank access to Snoqualmie.  Across from Fall Cirty Community Park,35.5,35.5,creel.vw_fishery_location,2026-09-02 16:47:56 PDT
8cff5ebf-0306-42bf-8b69-1925a16ce8ea,44c82d52-9066-4ae2-b6d9-530bedde4656,25b37dc9-689f-4670-98d3-844c7a20abf7,3f092596-b23e-42ae-9661-4bffc7a8dcdf,Snohomish fall salmon 2022,1f5c8a51-8c67-446c-970d-c26360401dba,Plum Boat Access,Site,Index,3,3,NA,NA,NA,NA,2022-10-29,2022,2022-11-30,Snoqualmie,Snoqualmie River,Boat access to the Snoqualmie 1 mile below the mouth of Tokul Creek,39,39,creel.vw_fishery_location,2026-09-02 16:47:56 PDT
19549999-b0b3-4ef5-af4e-fc544dda71df,44c82d52-9066-4ae2-b6d9-530bedde4656,25b37dc9-689f-4670-98d3-844c7a20abf7,3f092596-b23e-42ae-9661-4bffc7a8dcdf,Snohomish fall salmon 2022,721d487c-1b6f-4e94-9103-55821645a39b,Richters Boat Ramp,Site,Index,3,3,NA,NA,NA,NA,2022-10-29,2022,2022-11-30,Snoqualmie,Snoqualmie River,Boat launch and bank access,33,33,creel.vw_fishery_location,2026-09-02 16:47:56 PDT
d0238e0e-b729-4bed-8336-58df25c20b5f,44c82d52-9066-4ae2-b6d9-530bedde4656,25b37dc9-689f-4670-98d3-844c7a20abf7,3f092596-b23e-42ae-9661-4bffc7a8dcdf,Snohomish fall salmon 2022,d20bcb73-647a-4b46-a2e5-c7842205b7c1,Tokul Mouth Plum Access,Site,Index,3,3,NA,NA,NA,NA,2022-10-29,2022,2022-11-30,Snoqualmie,Snoqualmie River,Foot access to the snoqualmie and mouth of the Tokul,39.6,39.6,creel.vw_fishery_location,2026-09-02 16:47:56 PDT
13cca16e-c5a2-4994-ab96-f466ee8c83dd,44c82d52-9066-4ae2-b6d9-530bedde4656,25b37dc9-689f-4670-98d3-844c7a20abf7,3f092596-b23e-42ae-9661-4bffc7a8dcdf,Snohomish fall salmon 2022,344d688f-11ba-497c-bad3-6d87a3387484,SE David Powell Rd,Site,Index,3,3,NA,NA,NA,NA,2022-10-29,2022,2022-11-30,Snoqualmie,Snoqualmie River,Bank access along the Snoqualmie,39,38,creel.vw_fishery_location,2026-09-02 16:47:56 PDT
5122c871-4d65-4b3a-8f39-c1991536c536,44c82d52-9066-4ae2-b6d9-530bedde4656,25b37dc9-689f-4670-98d3-844c7a20abf7,3f092596-b23e-42ae-9661-4bffc7a8dcdf,Snohomish fall salmon 2022,88b7c41f-b1f8-41bc-991f-a233db3eaecc,McDonald Park,Site,Index,3,3,NA,NA,NA,NA,2022-10-29,2022,2022-11-30,Snoqualmie,Snoqualmie River,Recreational Park with foot bank access,24,24,creel.vw_fishery_location,2026-09-02 16:47:56 PDT
bb720741-e876-4353-88bd-d8ea2f3b1797,44c82d52-9066-4ae2-b6d9-530bedde4656,25b37dc9-689f-4670-98d3-844c7a20abf7,3f092596-b23e-42ae-9661-4bffc7a8dcdf,Snohomish fall salmon 2022,e85a969c-b520-4381-90a2-d1e5b1366aa5,Zurfleuh Boat Launch,Site,Index,3,3,NA,NA,NA,NA,2022-10-29,2022,2022-11-30,Snoqualmie,Snoqualmie River,Bank access to the Snoqualmie and mouth of the Ragging River,36.2,36.2,creel.vw_fishery_location,2026-09-02 16:47:56 PDT
bf4bb25e-b6a1-4426-8ebe-767a30a6542b,94873900-67b3-412f-869a-1ed307231158,c7911979-ba4f-4384-99ce-2da8c8657e2d,3f092596-b23e-42ae-9661-4bffc7a8dcdf,Snohomish fall salmon 2023,3b80bcb6-a524-4384-856e-ea34165e9b53,mouth (railroad bridge) to railroad bridge upstream Lincoln launch,Section,Census,1,1,1,1,1,1,2023-09-01,2023,2023-11-30,Snohomish,Snohomish River,mouth (railroad bridge) to railroad bridge upstream Lincoln launch,13.2,1,creel.vw_fishery_location,2026-09-02 16:47:56 PDT
dce0e9ab-bcc1-4236-8a65-36c687e7eb85,94873900-67b3-412f-869a-1ed307231158,c7911979-ba4f-4384-99ce-2da8c8657e2d,3f092596-b23e-42ae-9661-4bffc7a8dcdf,Snohomish fall salmon 2023,15b3b805-4423-4f2f-bcd9-476c904faa75,Cady Park- Snohomish,Site,Index,1,1,NA,NA,NA,NA,2023-09-01,2023,2023-11-30,Snohomish,Snohomish River,Hand carry boat launch in city of Snohomish,NA,12.5,creel.vw_fishery_location,2026-09-02 16:47:56 PDT
4bfe8e22-aa13-47f7-b9d0-907761b1d86e,94873900-67b3-412f-869a-1ed307231158,c7911979-ba4f-4384-99ce-2da8c8657e2d,3f092596-b23e-42ae-9661-4bffc7a8dcdf,Snohomish fall salmon 2023,4023ffe4-4cfa-4508-9fe1-384f46eaf7d0,Lowell Rd,Site,Index,1,1,NA,NA,NA,NA,2023-09-01,2023,2023-11-30,Snohomish,Snohomish River,Pull outs along Lowell Snohomish River Rd,12,9,creel.vw_fishery_location,2026-09-02 16:47:56 PDT
71caa2eb-2770-4f4a-964c-3c48cc2f94e8,94873900-67b3-412f-869a-1ed307231158,c7911979-ba4f-4384-99ce-2da8c8657e2d,3f092596-b23e-42ae-9661-4bffc7a8dcdf,Snohomish fall salmon 2023,90861e34-0210-442c-af34-f73b914aa36e,Lincoln St launch,Site,Index,1,1,NA,NA,NA,NA,2023-09-01,2023,2023-11-30,Snohomish,Snohomish River,Boat launch city of Snohomish,NA,12.5,creel.vw_fishery_location,2026-09-02 16:47:56 PDT
1e3100d1-5e27-4647-8b6a-5bfa75f6915d,94873900-67b3-412f-869a-1ed307231158,c7911979-ba4f-4384-99ce-2da8c8657e2d,3f092596-b23e-42ae-9661-4bffc7a8dcdf,Snohomish fall salmon 2023,561ffe25-56bb-42ea-8801-16e65533cd82,Langus,Site,Index,1,1,NA,NA,NA,NA,2023-09-01,2023,2023-11-30,Snohomish,Snohomish River,Boat Launch and Smith Island Rd access points,NA,3,creel.vw_fishery_location,2026-09-02 16:47:56 PDT
c9daffe5-0788-460c-b6dc-4a197954da9e,94873900-67b3-412f-869a-1ed307231158,c7911979-ba4f-4384-99ce-2da8c8657e2d,3f092596-b23e-42ae-9661-4bffc7a8dcdf,Snohomish fall salmon 2023,3d936f84-7069-48d0-8ba9-44c9315d0972,Rotary Park,Site,Index,1,1,NA,NA,NA,NA,2023-09-01,2023,2023-11-30,Snohomish,Snohomish River,Boat Launch at Rotary Park,NA,7,creel.vw_fishery_location,2026-09-02 16:47:56 PDT
9b28af9c-5354-4c5e-8050-4df906f7b900,94873900-67b3-412f-869a-1ed307231158,c7911979-ba4f-4384-99ce-2da8c8657e2d,3f092596-b23e-42ae-9661-4bffc7a8dcdf,Snohomish fall salmon 2023,9e4958f6-df3f-4863-b361-26af4d88df4b,railroad bridge upstream Lincoln launch upstream to the confluence of the Skykomish and Snoqualmie rivers.,Section,Census,2,2,1,1,1,1,2023-09-01,2023,2023-11-30,Snohomish,Snohomish River,railroad bridge upstream Lincoln launch upstream to the confluence of the Skykomish and Snoqualmie rivers.,20.5,13.2,creel.vw_fishery_location,2026-09-02 16:47:56 PDT
c88b1bc3-c9aa-41f8-bbd0-5f510cbb6fdb,94873900-67b3-412f-869a-1ed307231158,c7911979-ba4f-4384-99ce-2da8c8657e2d,3f092596-b23e-42ae-9661-4bffc7a8dcdf,Snohomish fall salmon 2023,15fda099-28e2-4d40-9590-2366c284ff5d,Tester Rd/Lord Hill,Site,Index,2,2,NA,NA,NA,NA,2023-09-01,2023,2023-11-30,Snohomish,Snohomish River,"Lord Hill County park outside Monroe, access from Old Tester Rd",NA,20,creel.vw_fishery_location,2026-09-02 16:47:56 PDT
0ea26b0e-117f-451d-8118-dc9a173506a8,94873900-67b3-412f-869a-1ed307231158,c7911979-ba4f-4384-99ce-2da8c8657e2d,3f092596-b23e-42ae-9661-4bffc7a8dcdf,Snohomish fall salmon 2023,599400ef-f257-43ca-ab5c-674d738a062e,High Bridge (Confluence),Site,Index,2,2,NA,NA,NA,NA,2023-09-01,2023,2023-11-30,Snohomish,Snohomish River,Boat Access from Snoqualmie River off Crescent Lake,20.5,20.5,creel.vw_fishery_location,2026-09-02 16:47:56 PDT
36ad40c5-b973-4677-89be-7614fa7a14df,94873900-67b3-412f-869a-1ed307231158,c7911979-ba4f-4384-99ce-2da8c8657e2d,3f092596-b23e-42ae-9661-4bffc7a8dcdf,Snohomish fall salmon 2023,a88cf86b-05ce-4628-880a-3fe0905a2b47,Lawson's,Site,Index,2,1,NA,NA,NA,NA,2023-09-01,2023,2023-11-30,Snohomish,Snohomish River,WDFW fishing access at Irving Lawson,NA,14,creel.vw_fishery_location,2026-09-02 16:47:56 PDT
00d2a62d-bace-42f4-b156-9c453619bc59,94873900-67b3-412f-869a-1ed307231158,c7911979-ba4f-4384-99ce-2da8c8657e2d,3f092596-b23e-42ae-9661-4bffc7a8dcdf,Snohomish fall salmon 2023,936a7b4f-c969-4bc8-aee2-db10543f9f9a,Bob Heirman,Site,Index,2,1,NA,NA,NA,NA,2023-09-01,2023,2023-11-30,Snohomish,Snohomish River,County Park bank access,17,16,creel.vw_fishery_location,2026-09-02 16:47:56 PDT
8cdecee3-defd-48d2-a07a-ca33b11f87d0,94873900-67b3-412f-869a-1ed307231158,c7911979-ba4f-4384-99ce-2da8c8657e2d,3f092596-b23e-42ae-9661-4bffc7a8dcdf,Snohomish fall salmon 2023,87e6e5d3-8374-48b4-a8f3-dee4b38c781f,Oscar Hoover,Site,Index,2,2,NA,NA,NA,NA,2023-09-01,2023,2023-11-30,Snohomish,Snohomish River,WDFW fishing access at Oscar Hoover,NA,16.5,creel.vw_fishery_location,2026-09-02 16:47:56 PDT
33710710-6223-4a92-bd7b-53bf2adf83c3,94873900-67b3-412f-869a-1ed307231158,c7911979-ba4f-4384-99ce-2da8c8657e2d,3f092596-b23e-42ae-9661-4bffc7a8dcdf,Snohomish fall salmon 2023,d48f0289-7e3a-41f3-a55c-ae30b9b4e706,west 522,Site,Index,2,2,NA,NA,NA,NA,2023-09-01,2023,2023-11-30,Snohomish,Snohomish River,from Elliot Rd?,NA,20.1,creel.vw_fishery_location,2026-09-02 16:47:56 PDT
c32886e5-b4ee-4e48-b18c-2b958fd5d4f8,94873900-67b3-412f-869a-1ed307231158,3db04abf-f3f4-4f89-a382-bd3aabddef11,3f092596-b23e-42ae-9661-4bffc7a8dcdf,Snohomish fall salmon 2023,80676e86-1729-4810-a559-6dc73acbfdd8,Mouth of the Skykomish to Lewis St. Bridge,Section,Census,3,1,1,1,NA,NA,2023-09-01,2023,2023-11-30,Skykomish,Skykomish River,Confluence of the Skykomish and Snoqulamie River to Lewis St. Bridge,25,20.5,creel.vw_fishery_location,2026-09-02 16:47:56 PDT
a21a9e50-e544-4208-bfd0-a09c6fac45c6,94873900-67b3-412f-869a-1ed307231158,3db04abf-f3f4-4f89-a382-bd3aabddef11,3f092596-b23e-42ae-9661-4bffc7a8dcdf,Snohomish fall salmon 2023,9df01f0e-b4e7-40e2-8956-531e25e52638,Lewis St. Bridge to Wallace River,Section,Census,3,1,1,1,NA,NA,2023-09-01,2023,2023-11-30,Skykomish,Skykomish River,Lewis St. Bridge to the mouth of the Wallace River,35.7,25,creel.vw_fishery_location,2026-09-02 16:47:56 PDT
69df45b6-0acf-4fda-bdfc-ad11ab0f7e61,94873900-67b3-412f-869a-1ed307231158,3db04abf-f3f4-4f89-a382-bd3aabddef11,3f092596-b23e-42ae-9661-4bffc7a8dcdf,Snohomish fall salmon 2023,1ee425f5-babe-4d91-bde5-1a07d95683d2,Wallace River to Big Eddy Park,Section,Census,3,1,1,1,NA,NA,2023-09-01,2023,2023-11-30,Skykomish,Skykomish River,Mouth of Wallace River to bridge at Big Eddy Park,43.5,35.7,creel.vw_fishery_location,2026-09-02 16:47:56 PDT
01f6a5a3-3b5d-44a8-a1eb-4eebfbd9fc61,94873900-67b3-412f-869a-1ed307231158,3db04abf-f3f4-4f89-a382-bd3aabddef11,3f092596-b23e-42ae-9661-4bffc7a8dcdf,Snohomish fall salmon 2023,030d6e60-f4d0-44d6-868c-45ded9bc663b,Big Eddy park to the confluence of the N and South forks,Section,Census,3,1,1,1,NA,NA,2023-09-01,2023,2023-11-30,Skykomish,Skykomish River,Big Eddy park to the confluence of the N and South forks,49.6,43.5,creel.vw_fishery_location,2026-09-02 16:47:56 PDT
639698fa-6fc6-44f6-93ee-b844f5e63623,94873900-67b3-412f-869a-1ed307231158,3db04abf-f3f4-4f89-a382-bd3aabddef11,3f092596-b23e-42ae-9661-4bffc7a8dcdf,Snohomish fall salmon 2023,e2690252-f59f-403d-af7d-0da5eb64aa20,Tualco,Site,Index,3,1,NA,NA,NA,NA,2023-09-01,2023,2023-11-30,Skykomish,Skykomish River,WDFW access point on Tualco Loop Rd near Monroe,NA,22,creel.vw_fishery_location,2026-09-02 16:47:56 PDT
7af3026c-e39f-42f0-8b15-dd773a64707d,94873900-67b3-412f-869a-1ed307231158,3db04abf-f3f4-4f89-a382-bd3aabddef11,3f092596-b23e-42ae-9661-4bffc7a8dcdf,Snohomish fall salmon 2023,99364675-4b25-4cb5-bca9-0912b9cc8581,Sultan Boat Launch,Site,Index,3,1,NA,NA,NA,NA,2023-09-01,2023,2023-11-30,Skykomish,Skykomish River,Sportsman's Park boat launch in city of Sultan,NA,34.4,creel.vw_fishery_location,2026-09-02 16:47:56 PDT
6712ff78-a1e7-48cf-84de-e2e07ad44cd6,94873900-67b3-412f-869a-1ed307231158,3db04abf-f3f4-4f89-a382-bd3aabddef11,3f092596-b23e-42ae-9661-4bffc7a8dcdf,Snohomish fall salmon 2023,8c7eac69-2ae5-44b1-91de-7ff9bbd4edb6,Cracker Bar,Site,Index,3,1,NA,NA,NA,NA,2023-09-01,2023,2023-11-30,Skykomish,Skykomish River,Fishing access and parking area around Mann Rd. Bridge coming into Sultan,34.6,34.4,creel.vw_fishery_location,2026-09-02 16:47:56 PDT
ac0f1664-a710-42e0-8ce8-82e8a04499a9,94873900-67b3-412f-869a-1ed307231158,3db04abf-f3f4-4f89-a382-bd3aabddef11,3f092596-b23e-42ae-9661-4bffc7a8dcdf,Snohomish fall salmon 2023,140fac2f-b933-49c8-8201-83072a9d9f22,Al Borlin Park,Site,Index,3,1,NA,NA,NA,NA,2023-09-01,2023,2023-11-30,Skykomish,Skykomish River,Al Borlin Park riverbank in Monroe,26.5,25.5,creel.vw_fishery_location,2026-09-02 16:47:56 PDT
6f222593-936b-4cc7-a9b3-57e82f82ca6c,94873900-67b3-412f-869a-1ed307231158,3db04abf-f3f4-4f89-a382-bd3aabddef11,3f092596-b23e-42ae-9661-4bffc7a8dcdf,Snohomish fall salmon 2023,5791bd29-43ea-495e-aabb-33486f3bac26,Ben Howard Access,Site,Index,3,1,NA,NA,NA,NA,2023-09-01,2023,2023-11-30,Skykomish,Skykomish River,Ben Howard Rd WDFW boat launch,NA,27.5,creel.vw_fishery_location,2026-09-02 16:47:56 PDT
a74b8d9f-57b2-440b-9ec5-9d975103520b,94873900-67b3-412f-869a-1ed307231158,3db04abf-f3f4-4f89-a382-bd3aabddef11,3f092596-b23e-42ae-9661-4bffc7a8dcdf,Snohomish fall salmon 2023,e37db381-3644-4e43-b30c-57cb5a3edc97,Ben Howard Road,Site,Index,3,1,NA,NA,NA,NA,2023-09-01,2023,2023-11-30,Skykomish,Skykomish River,Access points along Ben Howard Rd. between Monroe and Sultan,33,31,creel.vw_fishery_location,2026-09-02 16:47:56 PDT
103dbdea-72bc-46d6-9d88-b08ec727e1aa,94873900-67b3-412f-869a-1ed307231158,3db04abf-f3f4-4f89-a382-bd3aabddef11,3f092596-b23e-42ae-9661-4bffc7a8dcdf,Snohomish fall salmon 2023,035e840b-f919-4630-ba12-c87d306fe726,Big Eddy Park,Site,Index,3,1,NA,NA,NA,NA,2023-09-01,2023,2023-11-30,Skykomish,Skykomish River,Big Eddy park and High Bridge boat launch,NA,43.5,creel.vw_fishery_location,2026-09-02 16:47:56 PDT
315e5a84-5473-47ea-9ef0-518d90af81f5,94873900-67b3-412f-869a-1ed307231158,3db04abf-f3f4-4f89-a382-bd3aabddef11,3f092596-b23e-42ae-9661-4bffc7a8dcdf,Snohomish fall salmon 2023,95c751d4-4a4a-413c-b207-e7926da8f5fa,Lewis Street Launch,Site,Index,3,1,NA,NA,NA,NA,2023-09-01,2023,2023-11-30,Skykomish,Skykomish River,Lewis St. boat launch in Monroe,NA,25,creel.vw_fishery_location,2026-09-02 16:47:56 PDT
2824e5d0-74f3-4ffd-830e-3f892a88f791,94873900-67b3-412f-869a-1ed307231158,3db04abf-f3f4-4f89-a382-bd3aabddef11,3f092596-b23e-42ae-9661-4bffc7a8dcdf,Snohomish fall salmon 2023,771d2bf0-8b39-48ad-a4ae-b432771b819a,Reiter Ponds,Site,Index,3,1,NA,NA,NA,NA,2023-09-01,2023,2023-11-30,Skykomish,Skykomish River,Access along Reiter Rd and at the WDFW Reiter Pond facility,NA,45.5,creel.vw_fishery_location,2026-09-02 16:47:56 PDT
2ac56a1f-c550-4c7f-b1ea-844f88cd6fb2,94873900-67b3-412f-869a-1ed307231158,3db04abf-f3f4-4f89-a382-bd3aabddef11,3f092596-b23e-42ae-9661-4bffc7a8dcdf,Snohomish fall salmon 2023,31a1b93c-76c5-4ad4-85ba-f470b7fb8efe,High Bridge (Confluence),Site,Index,3,1,NA,NA,NA,NA,2023-09-01,2023,2023-11-30,Skykomish,Skykomish River,Boat Access from Snoqualmie River off Crescent Lake,NA,20.5,creel.vw_fishery_location,2026-09-02 16:47:56 PDT
1d1ca3d8-6077-484f-b818-2497a41b28e6,3c915b83-a137-4712-a243-d9529559c22d,c7911979-ba4f-4384-99ce-2da8c8657e2d,3f092596-b23e-42ae-9661-4bffc7a8dcdf,Snohomish fall salmon 2024,c145b662-5d0d-42ce-af53-590dc6733a9f,Mouth to Pilchuck River,Section,Census,1,1,1,1,NA,NA,2024-09-21,2024,2024-11-30,Snohomish,Snohomish River,Mouth to Pilchuck River,NA,NA,creel.vw_fishery_location,2026-09-02 16:47:56 PDT
a5812b10-fb57-4d1b-a487-509375ecf636,3c915b83-a137-4712-a243-d9529559c22d,c7911979-ba4f-4384-99ce-2da8c8657e2d,3f092596-b23e-42ae-9661-4bffc7a8dcdf,Snohomish fall salmon 2024,4023ffe4-4cfa-4508-9fe1-384f46eaf7d0,Lowell Rd,Site,Index,1,1,NA,NA,NA,NA,2024-09-21,2024,2024-11-30,Snohomish,Snohomish River,Pull outs along Lowell Snohomish River Rd,12,9,creel.vw_fishery_location,2026-09-02 16:47:56 PDT
ef625868-0ea4-4641-8bb8-72104f9bc448,3c915b83-a137-4712-a243-d9529559c22d,c7911979-ba4f-4384-99ce-2da8c8657e2d,3f092596-b23e-42ae-9661-4bffc7a8dcdf,Snohomish fall salmon 2024,3d936f84-7069-48d0-8ba9-44c9315d0972,Rotary Park,Site,Index,1,1,NA,NA,NA,NA,2024-09-21,2024,2024-11-30,Snohomish,Snohomish River,Boat Launch at Rotary Park,NA,7,creel.vw_fishery_location,2026-09-02 16:47:56 PDT
ff7f6bc8-8c31-43e9-a3c6-06c6995b3e65,3c915b83-a137-4712-a243-d9529559c22d,c7911979-ba4f-4384-99ce-2da8c8657e2d,3f092596-b23e-42ae-9661-4bffc7a8dcdf,Snohomish fall salmon 2024,90861e34-0210-442c-af34-f73b914aa36e,Lincoln St launch,Site,Index,1,1,NA,NA,NA,NA,2024-09-21,2024,2024-11-30,Snohomish,Snohomish River,Boat launch city of Snohomish,NA,12.5,creel.vw_fishery_location,2026-09-02 16:47:56 PDT
f8056679-92e9-41db-97a3-e69d9fe0ce26,3c915b83-a137-4712-a243-d9529559c22d,c7911979-ba4f-4384-99ce-2da8c8657e2d,3f092596-b23e-42ae-9661-4bffc7a8dcdf,Snohomish fall salmon 2024,561ffe25-56bb-42ea-8801-16e65533cd82,Langus,Site,Index,1,1,NA,NA,NA,NA,2024-09-21,2024,2024-11-30,Snohomish,Snohomish River,Boat Launch and Smith Island Rd access points,NA,3,creel.vw_fishery_location,2026-09-02 16:47:56 PDT
b7ed495f-631c-4efc-a081-439ade81130f,3c915b83-a137-4712-a243-d9529559c22d,c7911979-ba4f-4384-99ce-2da8c8657e2d,3f092596-b23e-42ae-9661-4bffc7a8dcdf,Snohomish fall salmon 2024,15b3b805-4423-4f2f-bcd9-476c904faa75,Cady Park- Snohomish,Site,Index,1,1,NA,NA,NA,NA,2024-09-21,2024,2024-11-30,Snohomish,Snohomish River,Hand carry boat launch in city of Snohomish,NA,12.5,creel.vw_fishery_location,2026-09-02 16:47:56 PDT
1a6e54c4-ab29-4fdc-bd1a-b7eecce23b0f,3c915b83-a137-4712-a243-d9529559c22d,c7911979-ba4f-4384-99ce-2da8c8657e2d,3f092596-b23e-42ae-9661-4bffc7a8dcdf,Snohomish fall salmon 2024,aff33abd-f447-4529-abdc-af308e349f3e,Pilchuck River to the Confluence of Skykomish and Snoqualmie,Section,Census,2,2,1,1,NA,NA,2024-09-21,2024,2024-11-30,Snohomish,Snohomish River,Pilchuck River to the Confluence of Skykomish and Snoqualmie,NA,NA,creel.vw_fishery_location,2026-09-02 16:47:56 PDT
a809900e-82be-4864-b9cc-b4b1a9908f90,3c915b83-a137-4712-a243-d9529559c22d,c7911979-ba4f-4384-99ce-2da8c8657e2d,3f092596-b23e-42ae-9661-4bffc7a8dcdf,Snohomish fall salmon 2024,15fda099-28e2-4d40-9590-2366c284ff5d,Tester Rd/Lord Hill,Site,Index,2,2,NA,NA,NA,NA,2024-09-21,2024,2024-11-30,Snohomish,Snohomish River,"Lord Hill County park outside Monroe, access from Old Tester Rd",NA,20,creel.vw_fishery_location,2026-09-02 16:47:56 PDT
989fc478-cc10-41c1-9da8-5369c0536949,3c915b83-a137-4712-a243-d9529559c22d,c7911979-ba4f-4384-99ce-2da8c8657e2d,3f092596-b23e-42ae-9661-4bffc7a8dcdf,Snohomish fall salmon 2024,936a7b4f-c969-4bc8-aee2-db10543f9f9a,Bob Heirman,Site,Index,2,2,NA,NA,NA,NA,2024-09-21,2024,2024-11-30,Snohomish,Snohomish River,County Park bank access,17,16,creel.vw_fishery_location,2026-09-02 16:47:56 PDT
e40c6ff7-e5a0-426a-aa36-17d6549bf7c8,3c915b83-a137-4712-a243-d9529559c22d,c7911979-ba4f-4384-99ce-2da8c8657e2d,3f092596-b23e-42ae-9661-4bffc7a8dcdf,Snohomish fall salmon 2024,599400ef-f257-43ca-ab5c-674d738a062e,High Bridge (Confluence),Site,Index,2,2,NA,NA,NA,NA,2024-09-21,2024,2024-11-30,Snohomish,Snohomish River,Boat Access from Snoqualmie River off Crescent Lake,20.5,20.5,creel.vw_fishery_location,2026-09-02 16:47:56 PDT
ca0bd02f-6bc5-4334-8b7a-96a61bf2d2bb,3c915b83-a137-4712-a243-d9529559c22d,c7911979-ba4f-4384-99ce-2da8c8657e2d,3f092596-b23e-42ae-9661-4bffc7a8dcdf,Snohomish fall salmon 2024,a88cf86b-05ce-4628-880a-3fe0905a2b47,Lawson's,Site,Index,2,2,NA,NA,NA,NA,2024-09-21,2024,2024-11-30,Snohomish,Snohomish River,WDFW fishing access at Irving Lawson,NA,14,creel.vw_fishery_location,2026-09-02 16:47:56 PDT
a2a132c9-f887-4e48-bf7e-5b7374083002,3c915b83-a137-4712-a243-d9529559c22d,c7911979-ba4f-4384-99ce-2da8c8657e2d,3f092596-b23e-42ae-9661-4bffc7a8dcdf,Snohomish fall salmon 2024,87e6e5d3-8374-48b4-a8f3-dee4b38c781f,Oscar Hoover,Site,Index,2,2,NA,NA,NA,NA,2024-09-21,2024,2024-11-30,Snohomish,Snohomish River,WDFW fishing access at Oscar Hoover,NA,16.5,creel.vw_fishery_location,2026-09-02 16:47:56 PDT
cc1e6123-2548-462b-a275-a800de7f3f9d,3c915b83-a137-4712-a243-d9529559c22d,c7911979-ba4f-4384-99ce-2da8c8657e2d,3f092596-b23e-42ae-9661-4bffc7a8dcdf,Snohomish fall salmon 2024,d48f0289-7e3a-41f3-a55c-ae30b9b4e706,west 522,Site,Index,2,2,NA,NA,NA,NA,2024-09-21,2024,2024-11-30,Snohomish,Snohomish River,from Elliot Rd?,NA,20.1,creel.vw_fishery_location,2026-09-02 16:47:56 PDT
1c1f6986-0a87-441f-828a-3911ccd46ec6,3c915b83-a137-4712-a243-d9529559c22d,3db04abf-f3f4-4f89-a382-bd3aabddef11,3f092596-b23e-42ae-9661-4bffc7a8dcdf,Snohomish fall salmon 2024,1ee425f5-babe-4d91-bde5-1a07d95683d2,Wallace River to Big Eddy Park,Section,Census,3,3,1,1,NA,NA,2024-09-21,2024,2024-11-30,Skykomish,Skykomish River,Mouth of Wallace River to bridge at Big Eddy Park,43.5,35.7,creel.vw_fishery_location,2026-09-02 16:47:56 PDT
ef8a840a-ff9f-44b1-a4f1-ee018c7e5a2f,3c915b83-a137-4712-a243-d9529559c22d,3db04abf-f3f4-4f89-a382-bd3aabddef11,3f092596-b23e-42ae-9661-4bffc7a8dcdf,Snohomish fall salmon 2024,9df01f0e-b4e7-40e2-8956-531e25e52638,Lewis St. Bridge to Wallace River,Section,Census,3,3,1,1,NA,NA,2024-09-21,2024,2024-11-30,Skykomish,Skykomish River,Lewis St. Bridge to the mouth of the Wallace River,35.7,25,creel.vw_fishery_location,2026-09-02 16:47:56 PDT
f2558f2c-9924-477e-b88e-d8a48671298f,3c915b83-a137-4712-a243-d9529559c22d,3db04abf-f3f4-4f89-a382-bd3aabddef11,3f092596-b23e-42ae-9661-4bffc7a8dcdf,Snohomish fall salmon 2024,030d6e60-f4d0-44d6-868c-45ded9bc663b,Big Eddy park to the confluence of the N and South forks,Section,Census,3,3,1,1,NA,NA,2024-09-21,2024,2024-11-30,Skykomish,Skykomish River,Big Eddy park to the confluence of the N and South forks,49.6,43.5,creel.vw_fishery_location,2026-09-02 16:47:56 PDT
95c30414-1c45-46c1-a301-d05a9fd015f7,3c915b83-a137-4712-a243-d9529559c22d,3db04abf-f3f4-4f89-a382-bd3aabddef11,3f092596-b23e-42ae-9661-4bffc7a8dcdf,Snohomish fall salmon 2024,80676e86-1729-4810-a559-6dc73acbfdd8,Mouth of the Skykomish to Lewis St. Bridge,Section,Census,3,3,1,1,NA,NA,2024-09-21,2024,2024-11-30,Skykomish,Skykomish River,Confluence of the Skykomish and Snoqulamie River to Lewis St. Bridge,25,20.5,creel.vw_fishery_location,2026-09-02 16:47:56 PDT
7da77d27-a504-4eae-88a9-25aab91092dc,3c915b83-a137-4712-a243-d9529559c22d,3db04abf-f3f4-4f89-a382-bd3aabddef11,3f092596-b23e-42ae-9661-4bffc7a8dcdf,Snohomish fall salmon 2024,e2690252-f59f-403d-af7d-0da5eb64aa20,Tualco,Site,Index,3,3,NA,NA,NA,NA,2024-09-21,2024,2024-11-30,Skykomish,Skykomish River,WDFW access point on Tualco Loop Rd near Monroe,NA,22,creel.vw_fishery_location,2026-09-02 16:47:56 PDT
e355235f-f79f-463e-bfb4-ba9386acf6b4,3c915b83-a137-4712-a243-d9529559c22d,3db04abf-f3f4-4f89-a382-bd3aabddef11,3f092596-b23e-42ae-9661-4bffc7a8dcdf,Snohomish fall salmon 2024,771d2bf0-8b39-48ad-a4ae-b432771b819a,Reiter Ponds,Site,Index,3,3,NA,NA,NA,NA,2024-09-21,2024,2024-11-30,Skykomish,Skykomish River,Access along Reiter Rd and at the WDFW Reiter Pond facility,NA,45.5,creel.vw_fishery_location,2026-09-02 16:47:56 PDT
b76f6cb7-f941-48ae-9ff7-d44936873812,3c915b83-a137-4712-a243-d9529559c22d,3db04abf-f3f4-4f89-a382-bd3aabddef11,3f092596-b23e-42ae-9661-4bffc7a8dcdf,Snohomish fall salmon 2024,95c751d4-4a4a-413c-b207-e7926da8f5fa,Lewis Street Launch,Site,Index,3,3,NA,NA,NA,NA,2024-09-21,2024,2024-11-30,Skykomish,Skykomish River,Lewis St. boat launch in Monroe,NA,25,creel.vw_fishery_location,2026-09-02 16:47:56 PDT
9a4dd1e9-575f-48f3-a6bb-1cb367d3d7b2,3c915b83-a137-4712-a243-d9529559c22d,3db04abf-f3f4-4f89-a382-bd3aabddef11,3f092596-b23e-42ae-9661-4bffc7a8dcdf,Snohomish fall salmon 2024,035e840b-f919-4630-ba12-c87d306fe726,Big Eddy Park,Site,Index,3,3,NA,NA,NA,NA,2024-09-21,2024,2024-11-30,Skykomish,Skykomish River,Big Eddy park and High Bridge boat launch,NA,43.5,creel.vw_fishery_location,2026-09-02 16:47:56 PDT
467dc423-c77c-4f8c-8550-bf5a71065d8b,3c915b83-a137-4712-a243-d9529559c22d,3db04abf-f3f4-4f89-a382-bd3aabddef11,3f092596-b23e-42ae-9661-4bffc7a8dcdf,Snohomish fall salmon 2024,5791bd29-43ea-495e-aabb-33486f3bac26,Ben Howard Access,Site,Index,3,3,NA,NA,NA,NA,2024-09-21,2024,2024-11-30,Skykomish,Skykomish River,Ben Howard Rd WDFW boat launch,NA,27.5,creel.vw_fishery_location,2026-09-02 16:47:56 PDT
81fd9985-9749-4e87-86c6-f12a30ce11f8,3c915b83-a137-4712-a243-d9529559c22d,3db04abf-f3f4-4f89-a382-bd3aabddef11,3f092596-b23e-42ae-9661-4bffc7a8dcdf,Snohomish fall salmon 2024,8c7eac69-2ae5-44b1-91de-7ff9bbd4edb6,Cracker Bar,Site,Index,3,3,NA,NA,NA,NA,2024-09-21,2024,2024-11-30,Skykomish,Skykomish River,Fishing access and parking area around Mann Rd. Bridge coming into Sultan,34.6,34.4,creel.vw_fishery_location,2026-09-02 16:47:56 PDT
c892c559-cd66-4d2a-a3a1-e3df43fda6b9,3c915b83-a137-4712-a243-d9529559c22d,3db04abf-f3f4-4f89-a382-bd3aabddef11,3f092596-b23e-42ae-9661-4bffc7a8dcdf,Snohomish fall salmon 2024,140fac2f-b933-49c8-8201-83072a9d9f22,Al Borlin Park,Site,Index,3,3,NA,NA,NA,NA,2024-09-21,2024,2024-11-30,Skykomish,Skykomish River,Al Borlin Park riverbank in Monroe,26.5,25.5,creel.vw_fishery_location,2026-09-02 16:47:56 PDT
f095d45d-2d79-4e83-88b5-dec0521c028c,3c915b83-a137-4712-a243-d9529559c22d,3db04abf-f3f4-4f89-a382-bd3aabddef11,3f092596-b23e-42ae-9661-4bffc7a8dcdf,Snohomish fall salmon 2024,99364675-4b25-4cb5-bca9-0912b9cc8581,Sultan Boat Launch,Site,Index,3,3,NA,NA,NA,NA,2024-09-21,2024,2024-11-30,Skykomish,Skykomish River,Sportsman's Park boat launch in city of Sultan,NA,34.4,creel.vw_fishery_location,2026-09-02 16:47:56 PDT
87102efa-5f48-426e-b66f-0955162ff724,3c915b83-a137-4712-a243-d9529559c22d,3db04abf-f3f4-4f89-a382-bd3aabddef11,3f092596-b23e-42ae-9661-4bffc7a8dcdf,Snohomish fall salmon 2024,31a1b93c-76c5-4ad4-85ba-f470b7fb8efe,High Bridge (Confluence),Site,Index,3,3,NA,NA,NA,NA,2024-09-21,2024,2024-11-30,Skykomish,Skykomish River,Boat Access from Snoqualmie River off Crescent Lake,NA,20.5,creel.vw_fishery_location,2026-09-02 16:47:56 PDT
7f098540-250b-4187-b7e9-00442fe19289,3c915b83-a137-4712-a243-d9529559c22d,3db04abf-f3f4-4f89-a382-bd3aabddef11,3f092596-b23e-42ae-9661-4bffc7a8dcdf,Snohomish fall salmon 2024,e37db381-3644-4e43-b30c-57cb5a3edc97,Ben Howard Road,Site,Index,3,3,NA,NA,NA,NA,2024-09-21,2024,2024-11-30,Skykomish,Skykomish River,Access points along Ben Howard Rd. between Monroe and Sultan,33,31,creel.vw_fishery_location,2026-09-02 16:47:56 PDT
4a34e05d-7686-4192-aed2-0883344cf97d,3c915b83-a137-4712-a243-d9529559c22d,25b37dc9-689f-4670-98d3-844c7a20abf7,3f092596-b23e-42ae-9661-4bffc7a8dcdf,Snohomish fall salmon 2024,91d43687-bc8a-426d-a615-300c832d3a87,Carnation Farm Bridge to HWY 202 Bridge,Section,Census,4,4,1,1,NA,NA,2024-09-21,2024,2024-11-30,Snoqualmie,Snoqualmie River,Carnation Farm Bridge to HWY 202 Bridge,36,23,creel.vw_fishery_location,2026-09-02 16:47:56 PDT
c1baa7fb-fc69-4aea-b944-e0d66a423777,3c915b83-a137-4712-a243-d9529559c22d,25b37dc9-689f-4670-98d3-844c7a20abf7,3f092596-b23e-42ae-9661-4bffc7a8dcdf,Snohomish fall salmon 2024,30470a0e-6493-4cca-b020-626358294a64,HWY 202 Bridge to Plum Boat Access,Section,Census,4,4,1,1,NA,NA,2024-09-21,2024,2024-11-30,Snoqualmie,Snoqualmie River,HWY 202 Bridge to Plum Boat Access,39,36,creel.vw_fishery_location,2026-09-02 16:47:56 PDT
20c80578-8662-4641-993d-cfa420df9770,3c915b83-a137-4712-a243-d9529559c22d,25b37dc9-689f-4670-98d3-844c7a20abf7,3f092596-b23e-42ae-9661-4bffc7a8dcdf,Snohomish fall salmon 2024,ca86288d-6314-4485-ba91-a702dcaa25c4,Plum Boat Access to Snoqualmie Falls,Section,Census,4,4,1,1,NA,NA,2024-09-21,2024,2024-11-30,Snoqualmie,Snoqualmie River,Plum Boat Access to Snoqualmie Falls,40.5,39,creel.vw_fishery_location,2026-09-02 16:47:56 PDT
91961c45-596b-44e2-8cf6-d740c92215c6,3c915b83-a137-4712-a243-d9529559c22d,25b37dc9-689f-4670-98d3-844c7a20abf7,3f092596-b23e-42ae-9661-4bffc7a8dcdf,Snohomish fall salmon 2024,0dd6c5ec-b2ba-4b62-9d6b-dddf26b99fb3,Mouth to Carnation Farm Bridge,Section,Census,4,4,1,1,NA,NA,2024-09-21,2024,2024-11-30,Snoqualmie,Snoqualmie River,Mouth to Carnation Farm Bridge,23,0,creel.vw_fishery_location,2026-09-02 16:47:56 PDT
893ff273-9ca6-422b-9d53-b2c91dd4907c,3c915b83-a137-4712-a243-d9529559c22d,25b37dc9-689f-4670-98d3-844c7a20abf7,3f092596-b23e-42ae-9661-4bffc7a8dcdf,Snohomish fall salmon 2024,e85a969c-b520-4381-90a2-d1e5b1366aa5,Zurfleuh Boat Launch,Site,Index,4,4,NA,NA,NA,NA,2024-09-21,2024,2024-11-30,Snoqualmie,Snoqualmie River,Bank access to the Snoqualmie and mouth of the Ragging River,36.2,36.2,creel.vw_fishery_location,2026-09-02 16:47:56 PDT
0087680e-8ef7-4a90-8745-cc82326afeec,3c915b83-a137-4712-a243-d9529559c22d,25b37dc9-689f-4670-98d3-844c7a20abf7,3f092596-b23e-42ae-9661-4bffc7a8dcdf,Snohomish fall salmon 2024,55d89651-73c7-47f4-b7c6-addbde45c60b,Neal Rd,Site,Index,4,4,NA,NA,NA,NA,2024-09-21,2024,2024-11-30,Snoqualmie,Snoqualmie River,Bank access to Snoqualmie.  Across from Olive Taylor Park,35,34,creel.vw_fishery_location,2026-09-02 16:47:56 PDT
d4de5964-3335-41ac-9e3b-7869ce33b334,3c915b83-a137-4712-a243-d9529559c22d,25b37dc9-689f-4670-98d3-844c7a20abf7,3f092596-b23e-42ae-9661-4bffc7a8dcdf,Snohomish fall salmon 2024,721d487c-1b6f-4e94-9103-55821645a39b,Richters Boat Ramp,Site,Index,4,4,NA,NA,NA,NA,2024-09-21,2024,2024-11-30,Snoqualmie,Snoqualmie River,Boat launch and bank access,33,33,creel.vw_fishery_location,2026-09-02 16:47:56 PDT
8f354385-42f6-4595-80f4-9e7ecfb435ee,3c915b83-a137-4712-a243-d9529559c22d,25b37dc9-689f-4670-98d3-844c7a20abf7,3f092596-b23e-42ae-9661-4bffc7a8dcdf,Snohomish fall salmon 2024,3b4ed6e5-716b-4d9e-891a-3866270e6b82,Chinook Bend Natural Area,Site,Index,4,4,NA,NA,NA,NA,2024-09-21,2024,2024-11-30,Snoqualmie,Snoqualmie River,Bank access to the Snoqualmie through park trails,22.75,22,creel.vw_fishery_location,2026-09-02 16:47:56 PDT
dd479727-ac03-401a-a4b8-36a3f0e52e48,3c915b83-a137-4712-a243-d9529559c22d,25b37dc9-689f-4670-98d3-844c7a20abf7,3f092596-b23e-42ae-9661-4bffc7a8dcdf,Snohomish fall salmon 2024,d20bcb73-647a-4b46-a2e5-c7842205b7c1,Tokul Mouth Plum Access,Site,Index,4,4,NA,NA,NA,NA,2024-09-21,2024,2024-11-30,Snoqualmie,Snoqualmie River,Foot access to the snoqualmie and mouth of the Tokul,39.6,39.6,creel.vw_fishery_location,2026-09-02 16:47:56 PDT
fe3de1d9-63c9-4c10-9f31-9cf997c78b5b,3c915b83-a137-4712-a243-d9529559c22d,25b37dc9-689f-4670-98d3-844c7a20abf7,3f092596-b23e-42ae-9661-4bffc7a8dcdf,Snohomish fall salmon 2024,291e7cfd-3e22-46b3-9afe-e47db551858b,Tolt Hill Boat Launch,Site,Index,4,4,NA,NA,NA,NA,2024-09-21,2024,2024-11-30,Snoqualmie,Snoqualmie River,On the Snoqualmie near the mouth of the Tolt River,25,25,creel.vw_fishery_location,2026-09-02 16:47:56 PDT
57a1d205-7c84-4b4c-8ad9-c518378c9ebe,3c915b83-a137-4712-a243-d9529559c22d,25b37dc9-689f-4670-98d3-844c7a20abf7,3f092596-b23e-42ae-9661-4bffc7a8dcdf,Snohomish fall salmon 2024,c820a7dd-a5fb-4c89-856c-d97713c1407e,Carnation Farms Bridge,Site,Index,4,4,NA,NA,NA,NA,2024-09-21,2024,2024-11-30,Snoqualmie,Snoqualmie River,Bank access underneathe Carnation Farm Rd Bridge,23,23,creel.vw_fishery_location,2026-09-02 16:47:56 PDT
ef39bf05-62c0-48ff-8da9-2531766e4b26,3c915b83-a137-4712-a243-d9529559c22d,25b37dc9-689f-4670-98d3-844c7a20abf7,3f092596-b23e-42ae-9661-4bffc7a8dcdf,Snohomish fall salmon 2024,88b7c41f-b1f8-41bc-991f-a233db3eaecc,McDonald Park,Site,Index,4,4,NA,NA,NA,NA,2024-09-21,2024,2024-11-30,Snoqualmie,Snoqualmie River,Recreational Park with foot bank access,24,24,creel.vw_fishery_location,2026-09-02 16:47:56 PDT
1d51b9de-98f8-47af-9e6d-6730807fb94f,3c915b83-a137-4712-a243-d9529559c22d,25b37dc9-689f-4670-98d3-844c7a20abf7,3f092596-b23e-42ae-9661-4bffc7a8dcdf,Snohomish fall salmon 2024,1f5c8a51-8c67-446c-970d-c26360401dba,Plum Boat Access,Site,Index,4,4,NA,NA,NA,NA,2024-09-21,2024,2024-11-30,Snoqualmie,Snoqualmie River,Boat access to the Snoqualmie 1 mile below the mouth of Tokul Creek,39,39,creel.vw_fishery_location,2026-09-02 16:47:56 PDT
54e9a4c3-1207-4570-a1da-a7bcc2bc5154,3c915b83-a137-4712-a243-d9529559c22d,25b37dc9-689f-4670-98d3-844c7a20abf7,3f092596-b23e-42ae-9661-4bffc7a8dcdf,Snohomish fall salmon 2024,9516b1d4-f17a-4ff9-85c4-f6928f92fd1a,HWY 202 Bridge,Site,Index,4,4,NA,NA,NA,NA,2024-09-21,2024,2024-11-30,Snoqualmie,Snoqualmie River,Bank access to Snoqualmie.  Across from Fall Cirty Community Park,35.5,35.5,creel.vw_fishery_location,2026-09-02 16:47:56 PDT
d525442a-2654-4da9-8dd3-c3bd03a97eb2,3c915b83-a137-4712-a243-d9529559c22d,25b37dc9-689f-4670-98d3-844c7a20abf7,3f092596-b23e-42ae-9661-4bffc7a8dcdf,Snohomish fall salmon 2024,3859035b-dac0-4b7f-9681-afd992a67d06,Taylor's Landing,Site,Index,4,4,NA,NA,NA,NA,2024-09-21,2024,2024-11-30,Snoqualmie,Snoqualmie River,Boat access,9.75,9.75,creel.vw_fishery_location,2026-09-02 16:47:56 PDT
9c153d38-56fe-4d1d-a650-5bb7e16d6511,3c915b83-a137-4712-a243-d9529559c22d,25b37dc9-689f-4670-98d3-844c7a20abf7,3f092596-b23e-42ae-9661-4bffc7a8dcdf,Snohomish fall salmon 2024,32eee72e-3b0f-46f2-b1f6-f704a1d4501d,High Bridge on Snoqualmie,Site,Index,4,4,NA,NA,NA,NA,2024-09-21,2024,2024-11-30,Snoqualmie,Snoqualmie River,WDFW High Bridge boat launch on Snoqualmie River,NA,2.9,creel.vw_fishery_location,2026-09-02 16:47:56 PDT
72dd898f-ee8a-499b-a79f-e3711e78a394,3c915b83-a137-4712-a243-d9529559c22d,25b37dc9-689f-4670-98d3-844c7a20abf7,3f092596-b23e-42ae-9661-4bffc7a8dcdf,Snohomish fall salmon 2024,344d688f-11ba-497c-bad3-6d87a3387484,SE David Powell Rd,Site,Index,4,4,NA,NA,NA,NA,2024-09-21,2024,2024-11-30,Snoqualmie,Snoqualmie River,Bank access along the Snoqualmie,39,38,creel.vw_fishery_location,2026-09-02 16:47:56 PDT
41516a27-a611-42b5-95aa-1e6d72953c73,3c915b83-a137-4712-a243-d9529559c22d,25b37dc9-689f-4670-98d3-844c7a20abf7,3f092596-b23e-42ae-9661-4bffc7a8dcdf,Snohomish fall salmon 2024,4a480ea8-e617-42f4-b195-f6ccb162938e,Saddlers Access,Site,Index,4,4,NA,NA,NA,NA,2024-09-21,2024,2024-11-30,Snoqualmie,Snoqualmie River,Bank access to the Snoqualmie,23.5,23.5,creel.vw_fishery_location,2026-09-02 16:47:56 PDT
3b05ca13-54bd-4b0f-acd5-41db016bc9d6,d43602e9-8e02-4019-aedc-125f5a7d4a90,c7911979-ba4f-4384-99ce-2da8c8657e2d,3f092596-b23e-42ae-9661-4bffc7a8dcdf,Snohomish fall salmon 2025,c145b662-5d0d-42ce-af53-590dc6733a9f,Mouth to Pilchuck River,Section,Census,1,1,1,1,NA,NA,2025-08-23,2025,2025-11-15,Snohomish,Snohomish River,Mouth to Pilchuck River,NA,NA,creel.vw_fishery_location,2026-09-02 16:47:56 PDT
cf0c5e15-3817-48f2-a512-312f3a633b81,d43602e9-8e02-4019-aedc-125f5a7d4a90,c7911979-ba4f-4384-99ce-2da8c8657e2d,3f092596-b23e-42ae-9661-4bffc7a8dcdf,Snohomish fall salmon 2025,3d936f84-7069-48d0-8ba9-44c9315d0972,Rotary Park,Site,Index,1,1,NA,NA,NA,NA,2025-08-23,2025,2025-11-15,Snohomish,Snohomish River,Boat Launch at Rotary Park,NA,7,creel.vw_fishery_location,2026-09-02 16:47:56 PDT
d719e33f-7d9d-4347-9777-d09bfe922d39,d43602e9-8e02-4019-aedc-125f5a7d4a90,c7911979-ba4f-4384-99ce-2da8c8657e2d,3f092596-b23e-42ae-9661-4bffc7a8dcdf,Snohomish fall salmon 2025,15b3b805-4423-4f2f-bcd9-476c904faa75,Cady Park- Snohomish,Site,Index,1,1,NA,NA,NA,NA,2025-08-23,2025,2025-11-15,Snohomish,Snohomish River,Hand carry boat launch in city of Snohomish,NA,12.5,creel.vw_fishery_location,2026-09-02 16:47:56 PDT
ef9b8d7e-adb4-4f6c-b2d9-38f57bf1d34c,d43602e9-8e02-4019-aedc-125f5a7d4a90,c7911979-ba4f-4384-99ce-2da8c8657e2d,3f092596-b23e-42ae-9661-4bffc7a8dcdf,Snohomish fall salmon 2025,561ffe25-56bb-42ea-8801-16e65533cd82,Langus,Site,Index,1,1,NA,NA,NA,NA,2025-08-23,2025,2025-11-15,Snohomish,Snohomish River,Boat Launch and Smith Island Rd access points,NA,3,creel.vw_fishery_location,2026-09-02 16:47:56 PDT
7f5bb1bf-4a34-4039-a1c3-d02fb5b76005,d43602e9-8e02-4019-aedc-125f5a7d4a90,c7911979-ba4f-4384-99ce-2da8c8657e2d,3f092596-b23e-42ae-9661-4bffc7a8dcdf,Snohomish fall salmon 2025,4023ffe4-4cfa-4508-9fe1-384f46eaf7d0,Lowell Rd,Site,Index,1,1,NA,NA,NA,NA,2025-08-23,2025,2025-11-15,Snohomish,Snohomish River,Pull outs along Lowell Snohomish River Rd,12,9,creel.vw_fishery_location,2026-09-02 16:47:56 PDT
67c361fb-6823-485f-a956-436164f752ce,d43602e9-8e02-4019-aedc-125f5a7d4a90,c7911979-ba4f-4384-99ce-2da8c8657e2d,3f092596-b23e-42ae-9661-4bffc7a8dcdf,Snohomish fall salmon 2025,90861e34-0210-442c-af34-f73b914aa36e,Lincoln St launch,Site,Index,1,1,NA,NA,NA,NA,2025-08-23,2025,2025-11-15,Snohomish,Snohomish River,Boat launch city of Snohomish,NA,12.5,creel.vw_fishery_location,2026-09-02 16:47:56 PDT
6197ef3a-3996-4a15-bf36-08faf3c44d59,d43602e9-8e02-4019-aedc-125f5a7d4a90,c7911979-ba4f-4384-99ce-2da8c8657e2d,3f092596-b23e-42ae-9661-4bffc7a8dcdf,Snohomish fall salmon 2025,aff33abd-f447-4529-abdc-af308e349f3e,Pilchuck River to the Confluence of Skykomish and Snoqualmie,Section,Census,2,2,1,1,NA,NA,2025-08-23,2025,2025-11-15,Snohomish,Snohomish River,Pilchuck River to the Confluence of Skykomish and Snoqualmie,NA,NA,creel.vw_fishery_location,2026-09-02 16:47:56 PDT
d5bf921d-3bfb-4816-9d5a-baefe7a55e49,d43602e9-8e02-4019-aedc-125f5a7d4a90,c7911979-ba4f-4384-99ce-2da8c8657e2d,3f092596-b23e-42ae-9661-4bffc7a8dcdf,Snohomish fall salmon 2025,d48f0289-7e3a-41f3-a55c-ae30b9b4e706,west 522,Site,Index,2,2,NA,NA,NA,NA,2025-08-23,2025,2025-11-15,Snohomish,Snohomish River,from Elliot Rd?,NA,20.1,creel.vw_fishery_location,2026-09-02 16:47:56 PDT
f9298dd9-b1e1-4d8e-b9f1-14215b6bfb02,d43602e9-8e02-4019-aedc-125f5a7d4a90,c7911979-ba4f-4384-99ce-2da8c8657e2d,3f092596-b23e-42ae-9661-4bffc7a8dcdf,Snohomish fall salmon 2025,a88cf86b-05ce-4628-880a-3fe0905a2b47,Lawson's,Site,Index,2,2,NA,NA,NA,NA,2025-08-23,2025,2025-11-15,Snohomish,Snohomish River,WDFW fishing access at Irving Lawson,NA,14,creel.vw_fishery_location,2026-09-02 16:47:56 PDT
0f2ed79f-f7ae-4f36-b5a8-436b261a514a,d43602e9-8e02-4019-aedc-125f5a7d4a90,c7911979-ba4f-4384-99ce-2da8c8657e2d,3f092596-b23e-42ae-9661-4bffc7a8dcdf,Snohomish fall salmon 2025,87e6e5d3-8374-48b4-a8f3-dee4b38c781f,Oscar Hoover,Site,Index,2,2,NA,NA,NA,NA,2025-08-23,2025,2025-11-15,Snohomish,Snohomish River,WDFW fishing access at Oscar Hoover,NA,16.5,creel.vw_fishery_location,2026-09-02 16:47:56 PDT
80f1a7fe-3892-43e5-97b4-e3ad119cfd72,d43602e9-8e02-4019-aedc-125f5a7d4a90,c7911979-ba4f-4384-99ce-2da8c8657e2d,3f092596-b23e-42ae-9661-4bffc7a8dcdf,Snohomish fall salmon 2025,599400ef-f257-43ca-ab5c-674d738a062e,High Bridge (Confluence),Site,Index,2,2,NA,NA,NA,NA,2025-08-23,2025,2025-11-15,Snohomish,Snohomish River,Boat Access from Snoqualmie River off Crescent Lake,20.5,20.5,creel.vw_fishery_location,2026-09-02 16:47:56 PDT
0a1ee7b7-1a73-4765-8810-b5cdb1040487,d43602e9-8e02-4019-aedc-125f5a7d4a90,c7911979-ba4f-4384-99ce-2da8c8657e2d,3f092596-b23e-42ae-9661-4bffc7a8dcdf,Snohomish fall salmon 2025,15fda099-28e2-4d40-9590-2366c284ff5d,Tester Rd/Lord Hill,Site,Index,2,2,NA,NA,NA,NA,2025-08-23,2025,2025-11-15,Snohomish,Snohomish River,"Lord Hill County park outside Monroe, access from Old Tester Rd",NA,20,creel.vw_fishery_location,2026-09-02 16:47:56 PDT
b3466088-0ff8-4cda-8c4e-4c381ad45b1d,d43602e9-8e02-4019-aedc-125f5a7d4a90,c7911979-ba4f-4384-99ce-2da8c8657e2d,3f092596-b23e-42ae-9661-4bffc7a8dcdf,Snohomish fall salmon 2025,936a7b4f-c969-4bc8-aee2-db10543f9f9a,Bob Heirman,Site,Index,2,2,NA,NA,NA,NA,2025-08-23,2025,2025-11-15,Snohomish,Snohomish River,County Park bank access,17,16,creel.vw_fishery_location,2026-09-02 16:47:56 PDT
0a26a0fe-93e3-46af-9d04-55e71c47053e,d43602e9-8e02-4019-aedc-125f5a7d4a90,3db04abf-f3f4-4f89-a382-bd3aabddef11,3f092596-b23e-42ae-9661-4bffc7a8dcdf,Snohomish fall salmon 2025,80676e86-1729-4810-a559-6dc73acbfdd8,Mouth of the Skykomish to Lewis St. Bridge,Section,Census,3,3,1,1,NA,NA,2025-08-23,2025,2025-11-15,Skykomish,Skykomish River,Confluence of the Skykomish and Snoqulamie River to Lewis St. Bridge,25,20.5,creel.vw_fishery_location,2026-09-02 16:47:56 PDT
c2987766-d931-4bac-8804-ab0771e4b75e,d43602e9-8e02-4019-aedc-125f5a7d4a90,3db04abf-f3f4-4f89-a382-bd3aabddef11,3f092596-b23e-42ae-9661-4bffc7a8dcdf,Snohomish fall salmon 2025,95c751d4-4a4a-413c-b207-e7926da8f5fa,Lewis Street Launch,Site,Index,3,3,NA,NA,NA,NA,2025-08-23,2025,2025-11-15,Skykomish,Skykomish River,Lewis St. boat launch in Monroe,NA,25,creel.vw_fishery_location,2026-09-02 16:47:56 PDT
32ccfa4a-9a4e-4ac3-8240-f208f5fed215,d43602e9-8e02-4019-aedc-125f5a7d4a90,3db04abf-f3f4-4f89-a382-bd3aabddef11,3f092596-b23e-42ae-9661-4bffc7a8dcdf,Snohomish fall salmon 2025,31a1b93c-76c5-4ad4-85ba-f470b7fb8efe,High Bridge (Confluence),Site,Index,3,3,NA,NA,NA,NA,2025-08-23,2025,2025-11-15,Skykomish,Skykomish River,Boat Access from Snoqualmie River off Crescent Lake,NA,20.5,creel.vw_fishery_location,2026-09-02 16:47:56 PDT
90e96bb8-9e73-4019-bd96-450fbb37c851,d43602e9-8e02-4019-aedc-125f5a7d4a90,3db04abf-f3f4-4f89-a382-bd3aabddef11,3f092596-b23e-42ae-9661-4bffc7a8dcdf,Snohomish fall salmon 2025,e2690252-f59f-403d-af7d-0da5eb64aa20,Tualco,Site,Index,3,3,NA,NA,NA,NA,2025-08-23,2025,2025-11-15,Skykomish,Skykomish River,WDFW access point on Tualco Loop Rd near Monroe,NA,22,creel.vw_fishery_location,2026-09-02 16:47:56 PDT
b91fccd6-df2f-4ac9-93df-c55e111b4959,d43602e9-8e02-4019-aedc-125f5a7d4a90,3db04abf-f3f4-4f89-a382-bd3aabddef11,3f092596-b23e-42ae-9661-4bffc7a8dcdf,Snohomish fall salmon 2025,9df01f0e-b4e7-40e2-8956-531e25e52638,Lewis St. Bridge to Wallace River,Section,Census,4,4,1,1,NA,NA,2025-08-23,2025,2025-11-15,Skykomish,Skykomish River,Lewis St. Bridge to the mouth of the Wallace River,35.7,25,creel.vw_fishery_location,2026-09-02 16:47:56 PDT
e532e737-9d32-485f-953e-f59bad10d414,d43602e9-8e02-4019-aedc-125f5a7d4a90,3db04abf-f3f4-4f89-a382-bd3aabddef11,3f092596-b23e-42ae-9661-4bffc7a8dcdf,Snohomish fall salmon 2025,1ee425f5-babe-4d91-bde5-1a07d95683d2,Wallace River to Big Eddy Park,Section,Census,4,4,1,1,NA,NA,2025-08-23,2025,2025-11-15,Skykomish,Skykomish River,Mouth of Wallace River to bridge at Big Eddy Park,43.5,35.7,creel.vw_fishery_location,2026-09-02 16:47:56 PDT
5e58e797-b63b-4cdf-bcb7-1a69e74e1897,d43602e9-8e02-4019-aedc-125f5a7d4a90,3db04abf-f3f4-4f89-a382-bd3aabddef11,3f092596-b23e-42ae-9661-4bffc7a8dcdf,Snohomish fall salmon 2025,030d6e60-f4d0-44d6-868c-45ded9bc663b,Big Eddy park to the confluence of the N and South forks,Section,Census,4,4,1,1,NA,NA,2025-08-23,2025,2025-11-15,Skykomish,Skykomish River,Big Eddy park to the confluence of the N and South forks,49.6,43.5,creel.vw_fishery_location,2026-09-02 16:47:56 PDT
96ead02f-aab4-4f0b-9f79-3b6f609bcaf4,d43602e9-8e02-4019-aedc-125f5a7d4a90,3db04abf-f3f4-4f89-a382-bd3aabddef11,3f092596-b23e-42ae-9661-4bffc7a8dcdf,Snohomish fall salmon 2025,e37db381-3644-4e43-b30c-57cb5a3edc97,Ben Howard Road,Site,Index,4,4,NA,NA,NA,NA,2025-08-23,2025,2025-11-15,Skykomish,Skykomish River,Access points along Ben Howard Rd. between Monroe and Sultan,33,31,creel.vw_fishery_location,2026-09-02 16:47:56 PDT
e2765746-8ebc-48fa-af9a-012e198f813c,d43602e9-8e02-4019-aedc-125f5a7d4a90,3db04abf-f3f4-4f89-a382-bd3aabddef11,3f092596-b23e-42ae-9661-4bffc7a8dcdf,Snohomish fall salmon 2025,140fac2f-b933-49c8-8201-83072a9d9f22,Al Borlin Park,Site,Index,4,4,NA,NA,NA,NA,2025-08-23,2025,2025-11-15,Skykomish,Skykomish River,Al Borlin Park riverbank in Monroe,26.5,25.5,creel.vw_fishery_location,2026-09-02 16:47:56 PDT
5418ed5c-3db2-443d-beff-53fe8bcb2ec4,d43602e9-8e02-4019-aedc-125f5a7d4a90,3db04abf-f3f4-4f89-a382-bd3aabddef11,3f092596-b23e-42ae-9661-4bffc7a8dcdf,Snohomish fall salmon 2025,8c7eac69-2ae5-44b1-91de-7ff9bbd4edb6,Cracker Bar,Site,Index,4,4,NA,NA,NA,NA,2025-08-23,2025,2025-11-15,Skykomish,Skykomish River,Fishing access and parking area around Mann Rd. Bridge coming into Sultan,34.6,34.4,creel.vw_fishery_location,2026-09-02 16:47:56 PDT
0f746bc5-e768-4fbe-b420-132b91a22d11,d43602e9-8e02-4019-aedc-125f5a7d4a90,3db04abf-f3f4-4f89-a382-bd3aabddef11,3f092596-b23e-42ae-9661-4bffc7a8dcdf,Snohomish fall salmon 2025,771d2bf0-8b39-48ad-a4ae-b432771b819a,Reiter Ponds,Site,Index,4,4,NA,NA,NA,NA,2025-08-23,2025,2025-11-15,Skykomish,Skykomish River,Access along Reiter Rd and at the WDFW Reiter Pond facility,NA,45.5,creel.vw_fishery_location,2026-09-02 16:47:56 PDT
ae0f95b0-b3a6-4937-97b7-0e705e326cda,d43602e9-8e02-4019-aedc-125f5a7d4a90,3db04abf-f3f4-4f89-a382-bd3aabddef11,3f092596-b23e-42ae-9661-4bffc7a8dcdf,Snohomish fall salmon 2025,035e840b-f919-4630-ba12-c87d306fe726,Big Eddy Park,Site,Index,4,4,NA,NA,NA,NA,2025-08-23,2025,2025-11-15,Skykomish,Skykomish River,Big Eddy park and High Bridge boat launch,NA,43.5,creel.vw_fishery_location,2026-09-02 16:47:56 PDT
ab0aa912-74ea-47f9-abb6-acb38b465e12,d43602e9-8e02-4019-aedc-125f5a7d4a90,3db04abf-f3f4-4f89-a382-bd3aabddef11,3f092596-b23e-42ae-9661-4bffc7a8dcdf,Snohomish fall salmon 2025,99364675-4b25-4cb5-bca9-0912b9cc8581,Sultan Boat Launch,Site,Index,4,4,NA,NA,NA,NA,2025-08-23,2025,2025-11-15,Skykomish,Skykomish River,Sportsman's Park boat launch in city of Sultan,NA,34.4,creel.vw_fishery_location,2026-09-02 16:47:56 PDT
11dcfc19-108f-4921-97af-e462f9003729,d43602e9-8e02-4019-aedc-125f5a7d4a90,3db04abf-f3f4-4f89-a382-bd3aabddef11,3f092596-b23e-42ae-9661-4bffc7a8dcdf,Snohomish fall salmon 2025,5791bd29-43ea-495e-aabb-33486f3bac26,Ben Howard Access,Site,Index,4,4,NA,NA,NA,NA,2025-08-23,2025,2025-11-15,Skykomish,Skykomish River,Ben Howard Rd WDFW boat launch,NA,27.5,creel.vw_fishery_location,2026-09-02 16:47:56 PDT
25fb2dca-dbec-4595-ba4f-f49f8a38dea1,3eb2c774-4a2a-43e1-b19a-25d239ea18ee,2330cf88-932e-4322-bcee-a542b85451a9,3f092596-b23e-42ae-9661-4bffc7a8dcdf,Stillaguamish salmon and gamefish 2022-23,bf274b24-1cb5-40ff-8037-9426b69ac85b,Mouth of the Stillaguamish to Marine Drive,Section,Census,1,1,1,1,NA,NA,2022-09-01,2022,2022-11-30,Stillaguamish - MS,Stillaguamish River,Mouth of the Stillaguamish to Marine Drive,1.5,0,creel.vw_fishery_location,2026-09-02 16:47:56 PDT
ef08988f-ba47-4866-b5de-fbf70fba484b,3eb2c774-4a2a-43e1-b19a-25d239ea18ee,2330cf88-932e-4322-bcee-a542b85451a9,3f092596-b23e-42ae-9661-4bffc7a8dcdf,Stillaguamish salmon and gamefish 2022-23,8f593e7c-88c8-4e77-a375-2b902a62c442,Mainstem Stilly Access,Site,Index,1,1,NA,NA,NA,NA,2022-09-01,2022,2022-11-30,Stillaguamish - MS,Stillaguamish River,Boat access off Boe Rd.,1.5,1.5,creel.vw_fishery_location,2026-09-02 16:47:56 PDT
009461c2-8713-4e8d-882d-eef25cd3cd1d,3eb2c774-4a2a-43e1-b19a-25d239ea18ee,2330cf88-932e-4322-bcee-a542b85451a9,3f092596-b23e-42ae-9661-4bffc7a8dcdf,Stillaguamish salmon and gamefish 2022-23,ed4f5489-7187-4d2d-a1a1-35c3de971248,Marine Dr to I5,Section,Census,2,1,1,1,NA,NA,2022-09-01,2022,2022-11-30,Stillaguamish - MS,Stillaguamish River,Marine Dr to I5,11,1.5,creel.vw_fishery_location,2026-09-02 16:47:56 PDT
ba5f787b-4745-48be-bf96-b6b31ca13575,3eb2c774-4a2a-43e1-b19a-25d239ea18ee,2330cf88-932e-4322-bcee-a542b85451a9,3f092596-b23e-42ae-9661-4bffc7a8dcdf,Stillaguamish salmon and gamefish 2022-23,28b5644a-ebb6-425d-b3cf-d292eab84e5a,Hevly Fishing Access,Site,Index,2,1,NA,NA,NA,NA,2022-09-01,2022,2022-11-30,Stillaguamish - MS,Stillaguamish River,Hevly Fishing Access,8,8,creel.vw_fishery_location,2026-09-02 16:47:56 PDT
d5641417-f3ff-47ae-b669-1b80d0025733,3eb2c774-4a2a-43e1-b19a-25d239ea18ee,2330cf88-932e-4322-bcee-a542b85451a9,3f092596-b23e-42ae-9661-4bffc7a8dcdf,Stillaguamish salmon and gamefish 2022-23,fbe83595-8cd7-48c2-bdf5-a918f0a80d26,Norman Guardrail hole,Site,Index,2,1,NA,NA,NA,NA,2022-09-01,2022,2022-11-30,Stillaguamish - MS,Stillaguamish River,Norman Guardrail hole,4.6,4.6,creel.vw_fishery_location,2026-09-02 16:47:56 PDT
3da6cef8-aa8e-4714-8904-dbaff2d6c8af,3eb2c774-4a2a-43e1-b19a-25d239ea18ee,2330cf88-932e-4322-bcee-a542b85451a9,3f092596-b23e-42ae-9661-4bffc7a8dcdf,Stillaguamish salmon and gamefish 2022-23,a7f2ae76-54b1-4e8f-9ace-afe7ffb64db0,Old Stilly River Bridge,Site,Index,2,1,NA,NA,NA,NA,2022-09-01,2022,2022-11-30,Stillaguamish - MS,Stillaguamish River,Old Stilly River Bridge,7.3,7.3,creel.vw_fishery_location,2026-09-02 16:47:56 PDT
875faea2-826f-4240-8990-5c14ccc08828,3eb2c774-4a2a-43e1-b19a-25d239ea18ee,2330cf88-932e-4322-bcee-a542b85451a9,3f092596-b23e-42ae-9661-4bffc7a8dcdf,Stillaguamish salmon and gamefish 2022-23,746eba31-70b6-4e11-8a2d-82400c4df5a1,STI Trail,Site,Index,2,1,NA,NA,NA,NA,2022-09-01,2022,2022-11-30,Stillaguamish - MS,Stillaguamish River,STI Trail,5.5,5.5,creel.vw_fishery_location,2026-09-02 16:47:56 PDT
137ac614-17a6-4643-929d-1282fc7f349a,3eb2c774-4a2a-43e1-b19a-25d239ea18ee,2330cf88-932e-4322-bcee-a542b85451a9,3f092596-b23e-42ae-9661-4bffc7a8dcdf,Stillaguamish salmon and gamefish 2022-23,2eb4e538-e52e-4695-b43a-c17577e1f8ba,Pilchuck Creek Mouth,Site,Index,2,1,NA,NA,NA,NA,2022-09-01,2022,2022-11-30,Stillaguamish - MS,Stillaguamish River,Foot acces from bridge to the mouth,9.5,9.5,creel.vw_fishery_location,2026-09-02 16:47:56 PDT
42983bcf-6e0e-4802-b2d6-1419e4037447,3eb2c774-4a2a-43e1-b19a-25d239ea18ee,2330cf88-932e-4322-bcee-a542b85451a9,3f092596-b23e-42ae-9661-4bffc7a8dcdf,Stillaguamish salmon and gamefish 2022-23,4f403543-f90e-43db-875a-890f7453f1f2,Larson Rd Bridge,Site,Index,2,1,NA,NA,NA,NA,2022-09-01,2022,2022-11-30,Stillaguamish - MS,Stillaguamish River,Larson Rd Bridge,6.4,6.4,creel.vw_fishery_location,2026-09-02 16:47:56 PDT
1cb720f1-4ada-49f0-9766-50dc215306f9,3eb2c774-4a2a-43e1-b19a-25d239ea18ee,2330cf88-932e-4322-bcee-a542b85451a9,3f092596-b23e-42ae-9661-4bffc7a8dcdf,Stillaguamish salmon and gamefish 2022-23,58fd5b00-0cd5-494a-9430-33cee02c1026,RR Overpass (Norman Rd),Site,Index,2,1,NA,NA,NA,NA,2022-09-01,2022,2022-11-30,Stillaguamish - MS,Stillaguamish River,RR Overpass (Norman Rd),6,6,creel.vw_fishery_location,2026-09-02 16:47:56 PDT
486595dc-8362-433f-a314-eb889c6a0ebf,3eb2c774-4a2a-43e1-b19a-25d239ea18ee,2330cf88-932e-4322-bcee-a542b85451a9,3f092596-b23e-42ae-9661-4bffc7a8dcdf,Stillaguamish salmon and gamefish 2022-23,bbcd72ee-3a40-43e6-8e52-efa1dbe60f4a,I5 to confluence of North/South forks,Section,Census,3,1,1,1,NA,NA,2022-09-01,2022,2022-11-30,Stillaguamish - MS,Stillaguamish River,I5 to confluence of North/South forks,17.7,11,creel.vw_fishery_location,2026-09-02 16:47:56 PDT
bea9e96e-1cd1-45c5-a7c0-e7c31817509b,3eb2c774-4a2a-43e1-b19a-25d239ea18ee,2330cf88-932e-4322-bcee-a542b85451a9,3f092596-b23e-42ae-9661-4bffc7a8dcdf,Stillaguamish salmon and gamefish 2022-23,73d5e041-25a3-49a5-823c-06836feb7600,I5 Stillaguamish River Bridge,Site,Index,3,2,NA,NA,NA,NA,2022-09-01,2022,2022-11-30,Stillaguamish - MS,Stillaguamish River,I5 Stillaguamish River Bridge,11,11,creel.vw_fishery_location,2026-09-02 16:47:56 PDT
6c7c5395-3dcb-4c80-b193-f711c7968b6d,3eb2c774-4a2a-43e1-b19a-25d239ea18ee,2330cf88-932e-4322-bcee-a542b85451a9,3f092596-b23e-42ae-9661-4bffc7a8dcdf,Stillaguamish salmon and gamefish 2022-23,82a5a08d-50a6-4f73-ad97-a49394fac585,Blue Stilly Park,Site,Index,3,2,NA,NA,NA,NA,2022-09-01,2022,2022-11-30,Stillaguamish - MS,Stillaguamish River,WDFW fishing access,12.2,12.2,creel.vw_fishery_location,2026-09-02 16:47:56 PDT
3a57981f-2ec5-457b-8d44-54441970bda0,3eb2c774-4a2a-43e1-b19a-25d239ea18ee,2330cf88-932e-4322-bcee-a542b85451a9,3f092596-b23e-42ae-9661-4bffc7a8dcdf,Stillaguamish salmon and gamefish 2022-23,201dc7dc-3266-44cb-8fbd-7f34259539d1,Haller Park,Site,Index,3,2,NA,NA,NA,NA,2022-09-01,2022,2022-11-30,Stillaguamish - MS,Stillaguamish River,Fishing access on the mainstem to the  confluence,17.7,17.7,creel.vw_fishery_location,2026-09-02 16:47:56 PDT
c9bacfc7-8998-4410-b2f2-c946ee982950,3eb2c774-4a2a-43e1-b19a-25d239ea18ee,2330cf88-932e-4322-bcee-a542b85451a9,3f092596-b23e-42ae-9661-4bffc7a8dcdf,Stillaguamish salmon and gamefish 2022-23,8bf13599-bcb6-4476-9e55-def3449750eb,Twin Rivers Park,Site,Index,3,2,NA,NA,NA,NA,2022-09-01,2022,2022-11-30,Stillaguamish - MS,Stillaguamish River,Foot access to the confluence,17.7,17.7,creel.vw_fishery_location,2026-09-02 16:47:56 PDT
b319e278-b5f2-47b0-9650-0572b7d5fe0b,3eb2c774-4a2a-43e1-b19a-25d239ea18ee,42ae3d95-f9f6-4596-a0e4-78705c350772,3f092596-b23e-42ae-9661-4bffc7a8dcdf,Stillaguamish salmon and gamefish 2022-23,b46c4173-9a32-40e3-8748-f6bd1966cc84,Mouth of the north fork to Cicero Bridge,Section,Census,4,1,1,1,NA,NA,2022-09-01,2022,2022-11-30,Stillaguamish - NF,Stillaguamish River - North Fork,Mouth of the north fork to Cicero Bridge,9.5,0,creel.vw_fishery_location,2026-09-02 16:47:56 PDT
22c5cdef-8aa0-4687-8e37-c5beaa9537b0,3eb2c774-4a2a-43e1-b19a-25d239ea18ee,42ae3d95-f9f6-4596-a0e4-78705c350772,3f092596-b23e-42ae-9661-4bffc7a8dcdf,Stillaguamish salmon and gamefish 2022-23,1e2b7da9-da9c-4d06-bd99-f23a02da912a,Trafton Access,Site,Index,4,3,NA,NA,NA,NA,2022-09-01,2022,2022-11-30,Stillaguamish - NF,Stillaguamish River - North Fork,WDFW Fishing access,5.1,5.1,creel.vw_fishery_location,2026-09-02 16:47:56 PDT
823f5da6-41c4-4359-82cb-843a131f0681,3eb2c774-4a2a-43e1-b19a-25d239ea18ee,42ae3d95-f9f6-4596-a0e4-78705c350772,3f092596-b23e-42ae-9661-4bffc7a8dcdf,Stillaguamish salmon and gamefish 2022-23,d17410db-1a95-4283-8f2a-5946251aac5e,Cloverdale Park,Site,Index,4,3,NA,NA,NA,NA,2022-09-01,2022,2022-11-30,Stillaguamish - NF,Stillaguamish River - North Fork,Park trail to the river in Trafton,4.5,4.5,creel.vw_fishery_location,2026-09-02 16:47:56 PDT
5a6a4371-ab72-4627-be63-bdb447b8a01c,3eb2c774-4a2a-43e1-b19a-25d239ea18ee,42ae3d95-f9f6-4596-a0e4-78705c350772,3f092596-b23e-42ae-9661-4bffc7a8dcdf,Stillaguamish salmon and gamefish 2022-23,11dc59d4-3a11-4a72-99ce-47ada43b8d3b,Cicero bridge upstream to French Creek,Section,Census,5,1,1,1,NA,NA,2022-09-01,2022,2022-11-30,Stillaguamish - NF,Stillaguamish River - North Fork,Cicero bridge upstream to French Creek,24.5,9.5,creel.vw_fishery_location,2026-09-02 16:47:56 PDT
ce4c567a-9158-4ea3-8937-21e3c969dd63,3eb2c774-4a2a-43e1-b19a-25d239ea18ee,42ae3d95-f9f6-4596-a0e4-78705c350772,3f092596-b23e-42ae-9661-4bffc7a8dcdf,Stillaguamish salmon and gamefish 2022-23,5a5be7db-72c2-4f3e-80c5-b6eb8f51e310,Cicero Bridge,Site,Index,5,3,NA,NA,NA,NA,2022-09-01,2022,2022-11-30,Stillaguamish - NF,Stillaguamish River - North Fork,Foot access to the river,9.5,9.5,creel.vw_fishery_location,2026-09-02 16:47:56 PDT
6239dabc-9cd0-4302-8ebf-30e6d437e7df,3eb2c774-4a2a-43e1-b19a-25d239ea18ee,42ae3d95-f9f6-4596-a0e4-78705c350772,3f092596-b23e-42ae-9661-4bffc7a8dcdf,Stillaguamish salmon and gamefish 2022-23,eb223d65-2c8c-4a8a-83a4-0abd64d6b34d,Hazel Hole,Site,Index,5,3,NA,NA,NA,NA,2022-09-01,2022,2022-11-30,Stillaguamish - NF,Stillaguamish River - North Fork,Foot access off HWY 530 from the whitehorse trail in the town of Hazel,22.1,22.1,creel.vw_fishery_location,2026-09-02 16:47:56 PDT
50a531f6-02bf-4e04-bf46-f537b85d80d9,3eb2c774-4a2a-43e1-b19a-25d239ea18ee,42ae3d95-f9f6-4596-a0e4-78705c350772,3f092596-b23e-42ae-9661-4bffc7a8dcdf,Stillaguamish salmon and gamefish 2022-23,8e7b9ab9-b93b-4434-bfee-8fb45f5b568c,N Brooks Creek Rd (Whitehorse trail access),Site,Index,5,3,NA,NA,NA,NA,2022-09-01,2022,2022-11-30,Stillaguamish - NF,Stillaguamish River - North Fork,Foot access to the NF from the whitehorse trail in the town of Oso,16,16,creel.vw_fishery_location,2026-09-02 16:47:56 PDT
5baf2266-e6ec-4eba-9ff6-c9c6bc0bd85a,3eb2c774-4a2a-43e1-b19a-25d239ea18ee,42ae3d95-f9f6-4596-a0e4-78705c350772,3f092596-b23e-42ae-9661-4bffc7a8dcdf,Stillaguamish salmon and gamefish 2022-23,debb3b0f-fb17-454e-869a-a47b7c6a91f2,C Post Rd.,Site,Index,5,3,NA,NA,NA,NA,2022-09-01,2022,2022-11-30,Stillaguamish - NF,Stillaguamish River - North Fork,Foot access to the NF from C Post Rd.,21.2,21.2,creel.vw_fishery_location,2026-09-02 16:47:56 PDT
981eec13-f471-4d85-91c9-b84e3b7c8f74,3eb2c774-4a2a-43e1-b19a-25d239ea18ee,42ae3d95-f9f6-4596-a0e4-78705c350772,3f092596-b23e-42ae-9661-4bffc7a8dcdf,Stillaguamish salmon and gamefish 2022-23,92ffc5ae-74b3-4a87-b1a2-c6f10c6fc71b,Deer Creek Mouth,Site,Index,5,3,NA,NA,NA,NA,2022-09-01,2022,2022-11-30,Stillaguamish - NF,Stillaguamish River - North Fork,Foot access around the mouth of Deer Creek,14.3,14.3,creel.vw_fishery_location,2026-09-02 16:47:56 PDT
2a116e32-3d24-4ce7-aa25-1196115d9062,3eb2c774-4a2a-43e1-b19a-25d239ea18ee,42ae3d95-f9f6-4596-a0e4-78705c350772,3f092596-b23e-42ae-9661-4bffc7a8dcdf,Stillaguamish salmon and gamefish 2022-23,450b2ac0-cbeb-4c45-b569-606b7d005b84,Whittman Rd. Bridge,Site,Index,5,3,NA,NA,NA,NA,2022-09-01,2022,2022-11-30,Stillaguamish - NF,Stillaguamish River - North Fork,Foot access under the Whittman Rd Bridge,18.5,18.5,creel.vw_fishery_location,2026-09-02 16:47:56 PDT
2e7d991a-a3dd-4e37-a70a-1113f050e9cf,3eb2c774-4a2a-43e1-b19a-25d239ea18ee,42ae3d95-f9f6-4596-a0e4-78705c350772,3f092596-b23e-42ae-9661-4bffc7a8dcdf,Stillaguamish salmon and gamefish 2022-23,2a84fbfd-b40b-4071-830b-0f940d0790c1,French Creek to Swede Heaven Bridge,Section,Census,6,1,1,1,NA,NA,2022-09-01,2022,2022-11-30,Stillaguamish - NF,Stillaguamish River - North Fork,French Creek to Swede Heaven Bridge,30,24.5,creel.vw_fishery_location,2026-09-02 16:47:56 PDT
942b8631-d972-43cb-a001-c9e0219e75b3,3eb2c774-4a2a-43e1-b19a-25d239ea18ee,42ae3d95-f9f6-4596-a0e4-78705c350772,3f092596-b23e-42ae-9661-4bffc7a8dcdf,Stillaguamish salmon and gamefish 2022-23,1347f59e-f4f0-4305-b33a-7eb99a727ac2,Fortson Park/Ponds,Site,Index,6,4,NA,NA,NA,NA,2022-09-01,2022,2022-11-30,Stillaguamish - NF,Stillaguamish River - North Fork,WDFW fishing access to the NF and Ponds in the park,27.8,27.8,creel.vw_fishery_location,2026-09-02 16:47:56 PDT
dbf11f67-9b30-428d-98d8-d785a749ceea,3eb2c774-4a2a-43e1-b19a-25d239ea18ee,42ae3d95-f9f6-4596-a0e4-78705c350772,3f092596-b23e-42ae-9661-4bffc7a8dcdf,Stillaguamish salmon and gamefish 2022-23,900fb3fc-bb8e-4f88-8d38-af927b8da94d,WDFW Swede Heaven Access,Site,Index,6,4,NA,NA,NA,NA,2022-09-01,2022,2022-11-30,Stillaguamish - NF,Stillaguamish River - North Fork,WDFW Swede Heaven Access,27.8,27.8,creel.vw_fishery_location,2026-09-02 16:47:56 PDT
ceb86685-7ff7-4939-89b8-a658904ec083,3eb2c774-4a2a-43e1-b19a-25d239ea18ee,42ae3d95-f9f6-4596-a0e4-78705c350772,3f092596-b23e-42ae-9661-4bffc7a8dcdf,Stillaguamish salmon and gamefish 2022-23,9911bbd8-c7a7-46fe-a63e-2959934273ab,Swede Heaven Bridge,Site,Index,6,4,NA,NA,NA,NA,2022-09-01,2022,2022-11-30,Stillaguamish - NF,Stillaguamish River - North Fork,Foot access under the Swede Heaven Bridge,30,30,creel.vw_fishery_location,2026-09-02 16:47:56 PDT
6fe806ab-83e3-461d-b35d-2ad7ea8d62ac,3eb2c774-4a2a-43e1-b19a-25d239ea18ee,42ae3d95-f9f6-4596-a0e4-78705c350772,3f092596-b23e-42ae-9661-4bffc7a8dcdf,Stillaguamish salmon and gamefish 2022-23,dc91ae38-0ff5-4c5e-9c21-1953d7f81960,from Swede Heaven Bridge to NF Falls (approx 1 mile upstream Cascade Creek),Section,Census,7,1,1,1,NA,NA,2022-09-01,2022,2022-11-30,Stillaguamish - NF,Stillaguamish River - North Fork,from Swede Heaven Bridge to NF Falls (approx 1 mile upstream Cascade Creek),37.5,30,creel.vw_fishery_location,2026-09-02 16:47:56 PDT
b7a555e9-ecca-4448-8e21-e98b7a9e9d7d,3eb2c774-4a2a-43e1-b19a-25d239ea18ee,6a4ce41b-53e8-46a9-aaa5-13c56e33d0e7,3f092596-b23e-42ae-9661-4bffc7a8dcdf,Stillaguamish salmon and gamefish 2022-23,9e03b69b-744b-4371-bbbb-8055ad5105eb,Mouth of the south fork to Granite Falls,Section,Census,8,1,1,1,NA,NA,2022-09-01,2022,2022-11-30,Stillaguamish - SF,Stillaguamish River - South Fork,Mouth of the south fork to Granite Falls,34.2,17.7,creel.vw_fishery_location,2026-09-02 16:47:56 PDT
df65dcd2-fd09-4689-aefa-1cdaa5ec4e7d,3eb2c774-4a2a-43e1-b19a-25d239ea18ee,6a4ce41b-53e8-46a9-aaa5-13c56e33d0e7,3f092596-b23e-42ae-9661-4bffc7a8dcdf,Stillaguamish salmon and gamefish 2022-23,6387f22a-187d-4186-b09c-8f465a28d661,Cascade Park,Site,Index,8,5,NA,NA,NA,NA,2022-09-01,2022,2022-11-30,Stillaguamish - SF,Stillaguamish River - South Fork,Cascade Park,30.1,30.1,creel.vw_fishery_location,2026-09-02 16:47:56 PDT
0cbe2c50-0926-410e-b327-d36bf99dd2a0,3eb2c774-4a2a-43e1-b19a-25d239ea18ee,6a4ce41b-53e8-46a9-aaa5-13c56e33d0e7,3f092596-b23e-42ae-9661-4bffc7a8dcdf,Stillaguamish salmon and gamefish 2022-23,1fd03b69-7a37-4b5c-af00-c109af70a5a2,Jordan Bridge,Site,Index,8,5,NA,NA,NA,NA,2022-09-01,2022,2022-11-30,Stillaguamish - SF,Stillaguamish River - South Fork,Foot access under the bridge to the SF,26,26,creel.vw_fishery_location,2026-09-02 16:47:56 PDT
29a15a60-0220-4707-977d-96c098a164f3,3eb2c774-4a2a-43e1-b19a-25d239ea18ee,6a4ce41b-53e8-46a9-aaa5-13c56e33d0e7,3f092596-b23e-42ae-9661-4bffc7a8dcdf,Stillaguamish salmon and gamefish 2022-23,75bd2189-a900-41ee-8351-d493ea0ae039,Twin Rivers Park,Site,Index,8,1,NA,NA,NA,NA,2022-09-01,2022,2022-11-30,Stillaguamish - SF,Stillaguamish River - South Fork,Foot access to the mouth of the SF,0,0,creel.vw_fishery_location,2026-09-02 16:47:56 PDT
f2f30dd7-6294-42b7-9121-a76a15c2283c,3eb2c774-4a2a-43e1-b19a-25d239ea18ee,6a4ce41b-53e8-46a9-aaa5-13c56e33d0e7,3f092596-b23e-42ae-9661-4bffc7a8dcdf,Stillaguamish salmon and gamefish 2022-23,f4b36b4e-7195-41d2-96d2-6644cf76cbc7,Engebretsen Rd,Site,Index,8,5,NA,NA,NA,NA,2022-09-01,2022,2022-11-30,Stillaguamish - SF,Stillaguamish River - South Fork,Engebretsen Rd,31.5,31,creel.vw_fishery_location,2026-09-02 16:47:56 PDT
6066881b-9469-4f85-a4f5-403bf54e9982,3eb2c774-4a2a-43e1-b19a-25d239ea18ee,6a4ce41b-53e8-46a9-aaa5-13c56e33d0e7,3f092596-b23e-42ae-9661-4bffc7a8dcdf,Stillaguamish salmon and gamefish 2022-23,75159b97-84ed-4872-a635-22a8e517f9fa,Riverscene County Park,Site,Index,8,5,NA,NA,NA,NA,2022-09-01,2022,2022-11-30,Stillaguamish - SF,Stillaguamish River - South Fork,County Park bank access,33.5,33.5,creel.vw_fishery_location,2026-09-02 16:47:56 PDT
fcca8ad3-20e0-45de-ad3d-09131402455d,3eb2c774-4a2a-43e1-b19a-25d239ea18ee,6a4ce41b-53e8-46a9-aaa5-13c56e33d0e7,3f092596-b23e-42ae-9661-4bffc7a8dcdf,Stillaguamish salmon and gamefish 2022-23,a6c0166b-06f0-4192-95ed-771e7dd62303,River Meadows,Site,Index,8,5,NA,NA,NA,NA,2022-09-01,2022,2022-11-30,Stillaguamish - SF,Stillaguamish River - South Fork,County Park bank access,23,22,creel.vw_fishery_location,2026-09-02 16:47:56 PDT
432a6d5e-bcba-4f12-80e2-2a960faf4497,3eb2c774-4a2a-43e1-b19a-25d239ea18ee,6a4ce41b-53e8-46a9-aaa5-13c56e33d0e7,3f092596-b23e-42ae-9661-4bffc7a8dcdf,Stillaguamish salmon and gamefish 2022-23,0c60b7a9-8028-4698-9d55-4dd606d7757d,Mouth of Jim Creek,Site,Index,8,5,NA,NA,NA,NA,2022-09-01,2022,2022-11-30,Stillaguamish - SF,Stillaguamish River - South Fork,Foot access on the SF from the mouth of Jim Creek,21.6,21.6,creel.vw_fishery_location,2026-09-02 16:47:56 PDT
0b67c921-db04-4a94-a392-5279b418b651,3eb2c774-4a2a-43e1-b19a-25d239ea18ee,6a4ce41b-53e8-46a9-aaa5-13c56e33d0e7,3f092596-b23e-42ae-9661-4bffc7a8dcdf,Stillaguamish salmon and gamefish 2022-23,bc193c8b-b4b0-405f-899a-69fe86c2ae4b,Mountain Loop HWY bridge above Granite Falls upstream to Big Four Trailhead,Section,Census,9,1,1,1,NA,NA,2022-09-01,2022,2022-11-30,Stillaguamish - SF,Stillaguamish River - South Fork,Mountain Loop HWY bridge above Granite Falls upstream to Big Four Trailhead,69,34.5,creel.vw_fishery_location,2026-09-02 16:47:56 PDT
5245e4ef-a21d-41d2-8119-4b832c90a1a1,42556070-6cbf-432d-a905-a91a395c377b,2330cf88-932e-4322-bcee-a542b85451a9,3f092596-b23e-42ae-9661-4bffc7a8dcdf,Stillaguamish salmon and gamefish 2023-24,ed4f5489-7187-4d2d-a1a1-35c3de971248,Marine Dr to I5,Section,Census,1,1,1,1,1,1,2023-09-16,2023,2023-09-27,Stillaguamish - MS,Stillaguamish River,Marine Dr to I5,11,1.5,creel.vw_fishery_location,2026-09-02 16:47:56 PDT
b90b93fa-4ab8-4e3e-888b-556dd71a8829,42556070-6cbf-432d-a905-a91a395c377b,2330cf88-932e-4322-bcee-a542b85451a9,3f092596-b23e-42ae-9661-4bffc7a8dcdf,Stillaguamish salmon and gamefish 2023-24,bf274b24-1cb5-40ff-8037-9426b69ac85b,Mouth of the Stillaguamish to Marine Drive,Section,Census,1,1,1,1,1,1,2023-09-16,2023,2023-09-27,Stillaguamish - MS,Stillaguamish River,Mouth of the Stillaguamish to Marine Drive,1.5,0,creel.vw_fishery_location,2026-09-02 16:47:56 PDT
cfcaf51b-9344-461d-a518-e17cf325556b,42556070-6cbf-432d-a905-a91a395c377b,2330cf88-932e-4322-bcee-a542b85451a9,3f092596-b23e-42ae-9661-4bffc7a8dcdf,Stillaguamish salmon and gamefish 2023-24,4f403543-f90e-43db-875a-890f7453f1f2,Larson Rd Bridge,Site,Index,1,1,NA,NA,NA,NA,2023-09-16,2023,2023-09-27,Stillaguamish - MS,Stillaguamish River,Larson Rd Bridge,6.4,6.4,creel.vw_fishery_location,2026-09-02 16:47:56 PDT
824b0157-17ad-4ae8-8361-fb626a67ef28,42556070-6cbf-432d-a905-a91a395c377b,2330cf88-932e-4322-bcee-a542b85451a9,3f092596-b23e-42ae-9661-4bffc7a8dcdf,Stillaguamish salmon and gamefish 2023-24,fbe83595-8cd7-48c2-bdf5-a918f0a80d26,Norman Guardrail hole,Site,Index,1,1,NA,NA,NA,NA,2023-09-16,2023,2023-09-27,Stillaguamish - MS,Stillaguamish River,Norman Guardrail hole,4.6,4.6,creel.vw_fishery_location,2026-09-02 16:47:56 PDT
2f378638-1a5f-4c47-8217-6f4253f1f574,42556070-6cbf-432d-a905-a91a395c377b,2330cf88-932e-4322-bcee-a542b85451a9,3f092596-b23e-42ae-9661-4bffc7a8dcdf,Stillaguamish salmon and gamefish 2023-24,8f593e7c-88c8-4e77-a375-2b902a62c442,Mainstem Stilly Access,Site,Index,1,1,NA,NA,NA,NA,2023-09-16,2023,2023-09-27,Stillaguamish - MS,Stillaguamish River,Boat access off Boe Rd.,1.5,1.5,creel.vw_fishery_location,2026-09-02 16:47:56 PDT
7509269c-34a5-4bef-9034-8f63cde5151e,42556070-6cbf-432d-a905-a91a395c377b,2330cf88-932e-4322-bcee-a542b85451a9,3f092596-b23e-42ae-9661-4bffc7a8dcdf,Stillaguamish salmon and gamefish 2023-24,28b5644a-ebb6-425d-b3cf-d292eab84e5a,Hevly Fishing Access,Site,Index,1,1,NA,NA,NA,NA,2023-09-16,2023,2023-09-27,Stillaguamish - MS,Stillaguamish River,Hevly Fishing Access,8,8,creel.vw_fishery_location,2026-09-02 16:47:56 PDT
f686fc33-b359-4f8b-89e4-78555aa24985,42556070-6cbf-432d-a905-a91a395c377b,2330cf88-932e-4322-bcee-a542b85451a9,3f092596-b23e-42ae-9661-4bffc7a8dcdf,Stillaguamish salmon and gamefish 2023-24,58fd5b00-0cd5-494a-9430-33cee02c1026,RR Overpass (Norman Rd),Site,Index,1,1,NA,NA,NA,NA,2023-09-16,2023,2023-09-27,Stillaguamish - MS,Stillaguamish River,RR Overpass (Norman Rd),6,6,creel.vw_fishery_location,2026-09-02 16:47:56 PDT
97f5be7f-7e32-4373-94c0-5483cc12e95f,42556070-6cbf-432d-a905-a91a395c377b,2330cf88-932e-4322-bcee-a542b85451a9,3f092596-b23e-42ae-9661-4bffc7a8dcdf,Stillaguamish salmon and gamefish 2023-24,a7f2ae76-54b1-4e8f-9ace-afe7ffb64db0,Old Stilly River Bridge,Site,Index,1,1,NA,NA,NA,NA,2023-09-16,2023,2023-09-27,Stillaguamish - MS,Stillaguamish River,Old Stilly River Bridge,7.3,7.3,creel.vw_fishery_location,2026-09-02 16:47:56 PDT
5cc650b0-7823-48e1-82bc-39516a5b8780,42556070-6cbf-432d-a905-a91a395c377b,2330cf88-932e-4322-bcee-a542b85451a9,3f092596-b23e-42ae-9661-4bffc7a8dcdf,Stillaguamish salmon and gamefish 2023-24,746eba31-70b6-4e11-8a2d-82400c4df5a1,STI Trail,Site,Index,1,1,NA,NA,NA,NA,2023-09-16,2023,2023-09-27,Stillaguamish - MS,Stillaguamish River,STI Trail,5.5,5.5,creel.vw_fishery_location,2026-09-02 16:47:56 PDT
46c9b7da-dede-4841-bafc-ced3e938e610,42556070-6cbf-432d-a905-a91a395c377b,2330cf88-932e-4322-bcee-a542b85451a9,3f092596-b23e-42ae-9661-4bffc7a8dcdf,Stillaguamish salmon and gamefish 2023-24,2eb4e538-e52e-4695-b43a-c17577e1f8ba,Pilchuck Creek Mouth,Site,Index,1,1,NA,NA,NA,NA,2023-09-16,2023,2023-09-27,Stillaguamish - MS,Stillaguamish River,Foot acces from bridge to the mouth,9.5,9.5,creel.vw_fishery_location,2026-09-02 16:47:56 PDT
f67c3c99-699b-45af-a07d-42ba260d397e,42556070-6cbf-432d-a905-a91a395c377b,2330cf88-932e-4322-bcee-a542b85451a9,3f092596-b23e-42ae-9661-4bffc7a8dcdf,Stillaguamish salmon and gamefish 2023-24,bbcd72ee-3a40-43e6-8e52-efa1dbe60f4a,I5 to confluence of North/South forks,Section,Census,2,2,1,1,1,1,2023-09-16,2023,2023-09-27,Stillaguamish - MS,Stillaguamish River,I5 to confluence of North/South forks,17.7,11,creel.vw_fishery_location,2026-09-02 16:47:56 PDT
72d180f4-af7e-485c-a015-0758b3e37917,42556070-6cbf-432d-a905-a91a395c377b,2330cf88-932e-4322-bcee-a542b85451a9,3f092596-b23e-42ae-9661-4bffc7a8dcdf,Stillaguamish salmon and gamefish 2023-24,8bf13599-bcb6-4476-9e55-def3449750eb,Twin Rivers Park,Site,Index,2,2,NA,NA,NA,NA,2023-09-16,2023,2023-09-27,Stillaguamish - MS,Stillaguamish River,Foot access to the confluence,17.7,17.7,creel.vw_fishery_location,2026-09-02 16:47:56 PDT
15bb6363-9311-45d7-9ea7-5ccacb01ce05,42556070-6cbf-432d-a905-a91a395c377b,2330cf88-932e-4322-bcee-a542b85451a9,3f092596-b23e-42ae-9661-4bffc7a8dcdf,Stillaguamish salmon and gamefish 2023-24,73d5e041-25a3-49a5-823c-06836feb7600,I5 Stillaguamish River Bridge,Site,Index,2,2,NA,NA,NA,NA,2023-09-16,2023,2023-09-27,Stillaguamish - MS,Stillaguamish River,I5 Stillaguamish River Bridge,11,11,creel.vw_fishery_location,2026-09-02 16:47:56 PDT
da884ac5-7779-44d4-81bd-93bd0b2311c8,42556070-6cbf-432d-a905-a91a395c377b,2330cf88-932e-4322-bcee-a542b85451a9,3f092596-b23e-42ae-9661-4bffc7a8dcdf,Stillaguamish salmon and gamefish 2023-24,82a5a08d-50a6-4f73-ad97-a49394fac585,Blue Stilly Park,Site,Index,2,2,NA,NA,NA,NA,2023-09-16,2023,2023-09-27,Stillaguamish - MS,Stillaguamish River,WDFW fishing access,12.2,12.2,creel.vw_fishery_location,2026-09-02 16:47:56 PDT
2be0104f-4ce5-4501-8ed6-62bc60a1620b,42556070-6cbf-432d-a905-a91a395c377b,2330cf88-932e-4322-bcee-a542b85451a9,3f092596-b23e-42ae-9661-4bffc7a8dcdf,Stillaguamish salmon and gamefish 2023-24,201dc7dc-3266-44cb-8fbd-7f34259539d1,Haller Park,Site,Index,2,2,NA,NA,NA,NA,2023-09-16,2023,2023-09-27,Stillaguamish - MS,Stillaguamish River,Fishing access on the mainstem to the  confluence,17.7,17.7,creel.vw_fishery_location,2026-09-02 16:47:56 PDT
4ef810a3-70e6-4235-baa5-e4328972cb36,42556070-6cbf-432d-a905-a91a395c377b,42ae3d95-f9f6-4596-a0e4-78705c350772,3f092596-b23e-42ae-9661-4bffc7a8dcdf,Stillaguamish salmon and gamefish 2023-24,b46c4173-9a32-40e3-8748-f6bd1966cc84,Mouth of the north fork to Cicero Bridge,Section,Census,3,3,1,1,1,1,2023-09-16,2023,2023-09-27,Stillaguamish - NF,Stillaguamish River - North Fork,Mouth of the north fork to Cicero Bridge,9.5,0,creel.vw_fishery_location,2026-09-02 16:47:56 PDT
3759c6ab-b454-4b4e-96ad-df10efbea668,42556070-6cbf-432d-a905-a91a395c377b,42ae3d95-f9f6-4596-a0e4-78705c350772,3f092596-b23e-42ae-9661-4bffc7a8dcdf,Stillaguamish salmon and gamefish 2023-24,5a5be7db-72c2-4f3e-80c5-b6eb8f51e310,Cicero Bridge,Site,Index,3,3,NA,NA,NA,NA,2023-09-16,2023,2023-09-27,Stillaguamish - NF,Stillaguamish River - North Fork,Foot access to the river,9.5,9.5,creel.vw_fishery_location,2026-09-02 16:47:56 PDT
64ab7901-246f-4184-94ef-63bf5050833c,42556070-6cbf-432d-a905-a91a395c377b,42ae3d95-f9f6-4596-a0e4-78705c350772,3f092596-b23e-42ae-9661-4bffc7a8dcdf,Stillaguamish salmon and gamefish 2023-24,1e2b7da9-da9c-4d06-bd99-f23a02da912a,Trafton Access,Site,Index,3,3,NA,NA,NA,NA,2023-09-16,2023,2023-09-27,Stillaguamish - NF,Stillaguamish River - North Fork,WDFW Fishing access,5.1,5.1,creel.vw_fishery_location,2026-09-02 16:47:56 PDT
c82f40b4-7396-4cce-b070-9cf018f67202,42556070-6cbf-432d-a905-a91a395c377b,42ae3d95-f9f6-4596-a0e4-78705c350772,3f092596-b23e-42ae-9661-4bffc7a8dcdf,Stillaguamish salmon and gamefish 2023-24,d17410db-1a95-4283-8f2a-5946251aac5e,Cloverdale Park,Site,Index,3,3,NA,NA,NA,NA,2023-09-16,2023,2023-09-27,Stillaguamish - NF,Stillaguamish River - North Fork,Park trail to the river in Trafton,4.5,4.5,creel.vw_fishery_location,2026-09-02 16:47:56 PDT
27e1b41d-c598-4fb9-8790-dbab96428cb8,42556070-6cbf-432d-a905-a91a395c377b,42ae3d95-f9f6-4596-a0e4-78705c350772,3f092596-b23e-42ae-9661-4bffc7a8dcdf,Stillaguamish salmon and gamefish 2023-24,11dc59d4-3a11-4a72-99ce-47ada43b8d3b,Cicero bridge upstream to French Creek,Section,Census,4,4,1,1,1,1,2023-09-16,2023,2023-09-27,Stillaguamish - NF,Stillaguamish River - North Fork,Cicero bridge upstream to French Creek,24.5,9.5,creel.vw_fishery_location,2026-09-02 16:47:56 PDT
917c67ef-5323-4d51-bce4-37685d7886df,42556070-6cbf-432d-a905-a91a395c377b,42ae3d95-f9f6-4596-a0e4-78705c350772,3f092596-b23e-42ae-9661-4bffc7a8dcdf,Stillaguamish salmon and gamefish 2023-24,2a84fbfd-b40b-4071-830b-0f940d0790c1,French Creek to Swede Heaven Bridge,Section,Census,4,4,1,1,1,1,2023-09-16,2023,2023-09-27,Stillaguamish - NF,Stillaguamish River - North Fork,French Creek to Swede Heaven Bridge,30,24.5,creel.vw_fishery_location,2026-09-02 16:47:56 PDT
016912db-a614-40ed-a863-2b6c204d1358,42556070-6cbf-432d-a905-a91a395c377b,42ae3d95-f9f6-4596-a0e4-78705c350772,3f092596-b23e-42ae-9661-4bffc7a8dcdf,Stillaguamish salmon and gamefish 2023-24,9911bbd8-c7a7-46fe-a63e-2959934273ab,Swede Heaven Bridge,Site,Index,4,4,NA,NA,NA,NA,2023-09-16,2023,2023-09-27,Stillaguamish - NF,Stillaguamish River - North Fork,Foot access under the Swede Heaven Bridge,30,30,creel.vw_fishery_location,2026-09-02 16:47:56 PDT
2df47218-ca7d-4fb2-9d29-28426d9c9b3e,42556070-6cbf-432d-a905-a91a395c377b,42ae3d95-f9f6-4596-a0e4-78705c350772,3f092596-b23e-42ae-9661-4bffc7a8dcdf,Stillaguamish salmon and gamefish 2023-24,450b2ac0-cbeb-4c45-b569-606b7d005b84,Whittman Rd. Bridge,Site,Index,4,4,NA,NA,NA,NA,2023-09-16,2023,2023-09-27,Stillaguamish - NF,Stillaguamish River - North Fork,Foot access under the Whittman Rd Bridge,18.5,18.5,creel.vw_fishery_location,2026-09-02 16:47:56 PDT
975413a1-7c13-4990-b37c-6b448ac1c23d,42556070-6cbf-432d-a905-a91a395c377b,42ae3d95-f9f6-4596-a0e4-78705c350772,3f092596-b23e-42ae-9661-4bffc7a8dcdf,Stillaguamish salmon and gamefish 2023-24,8e7b9ab9-b93b-4434-bfee-8fb45f5b568c,N Brooks Creek Rd (Whitehorse trail access),Site,Index,4,4,NA,NA,NA,NA,2023-09-16,2023,2023-09-27,Stillaguamish - NF,Stillaguamish River - North Fork,Foot access to the NF from the whitehorse trail in the town of Oso,16,16,creel.vw_fishery_location,2026-09-02 16:47:56 PDT
cd90c8ff-49ec-49c2-80d9-e8b338f0ef51,42556070-6cbf-432d-a905-a91a395c377b,42ae3d95-f9f6-4596-a0e4-78705c350772,3f092596-b23e-42ae-9661-4bffc7a8dcdf,Stillaguamish salmon and gamefish 2023-24,1347f59e-f4f0-4305-b33a-7eb99a727ac2,Fortson Park/Ponds,Site,Index,4,4,NA,NA,NA,NA,2023-09-16,2023,2023-09-27,Stillaguamish - NF,Stillaguamish River - North Fork,WDFW fishing access to the NF and Ponds in the park,27.8,27.8,creel.vw_fishery_location,2026-09-02 16:47:56 PDT
8d8a423a-d26d-47e1-ac21-0491e46200db,42556070-6cbf-432d-a905-a91a395c377b,42ae3d95-f9f6-4596-a0e4-78705c350772,3f092596-b23e-42ae-9661-4bffc7a8dcdf,Stillaguamish salmon and gamefish 2023-24,debb3b0f-fb17-454e-869a-a47b7c6a91f2,C Post Rd.,Site,Index,4,4,NA,NA,NA,NA,2023-09-16,2023,2023-09-27,Stillaguamish - NF,Stillaguamish River - North Fork,Foot access to the NF from C Post Rd.,21.2,21.2,creel.vw_fishery_location,2026-09-02 16:47:56 PDT
da0ebc07-629d-4f9c-8b75-e2d4e2c9feb7,42556070-6cbf-432d-a905-a91a395c377b,42ae3d95-f9f6-4596-a0e4-78705c350772,3f092596-b23e-42ae-9661-4bffc7a8dcdf,Stillaguamish salmon and gamefish 2023-24,eb223d65-2c8c-4a8a-83a4-0abd64d6b34d,Hazel Hole,Site,Index,4,4,NA,NA,NA,NA,2023-09-16,2023,2023-09-27,Stillaguamish - NF,Stillaguamish River - North Fork,Foot access off HWY 530 from the whitehorse trail in the town of Hazel,22.1,22.1,creel.vw_fishery_location,2026-09-02 16:47:56 PDT
e64f51e5-a8c6-4981-8558-38410432e1ab,42556070-6cbf-432d-a905-a91a395c377b,42ae3d95-f9f6-4596-a0e4-78705c350772,3f092596-b23e-42ae-9661-4bffc7a8dcdf,Stillaguamish salmon and gamefish 2023-24,900fb3fc-bb8e-4f88-8d38-af927b8da94d,WDFW Swede Heaven Access,Site,Index,4,4,NA,NA,NA,NA,2023-09-16,2023,2023-09-27,Stillaguamish - NF,Stillaguamish River - North Fork,WDFW Swede Heaven Access,27.8,27.8,creel.vw_fishery_location,2026-09-02 16:47:56 PDT
7b560ba9-4c22-4f00-b7f9-4927dbd54c2d,42556070-6cbf-432d-a905-a91a395c377b,42ae3d95-f9f6-4596-a0e4-78705c350772,3f092596-b23e-42ae-9661-4bffc7a8dcdf,Stillaguamish salmon and gamefish 2023-24,92ffc5ae-74b3-4a87-b1a2-c6f10c6fc71b,Deer Creek Mouth,Site,Index,4,4,NA,NA,NA,NA,2023-09-16,2023,2023-09-27,Stillaguamish - NF,Stillaguamish River - North Fork,Foot access around the mouth of Deer Creek,14.3,14.3,creel.vw_fishery_location,2026-09-02 16:47:56 PDT
a119166a-df23-4df4-baad-ac3948a70b1e,42556070-6cbf-432d-a905-a91a395c377b,6a4ce41b-53e8-46a9-aaa5-13c56e33d0e7,3f092596-b23e-42ae-9661-4bffc7a8dcdf,Stillaguamish salmon and gamefish 2023-24,9e03b69b-744b-4371-bbbb-8055ad5105eb,Mouth of the south fork to Granite Falls,Section,Census,5,5,1,1,1,1,2023-09-16,2023,2023-09-27,Stillaguamish - SF,Stillaguamish River - South Fork,Mouth of the south fork to Granite Falls,34.2,17.7,creel.vw_fishery_location,2026-09-02 16:47:56 PDT
33ed37dd-9139-4df9-9b91-4145e81ad5d5,42556070-6cbf-432d-a905-a91a395c377b,6a4ce41b-53e8-46a9-aaa5-13c56e33d0e7,3f092596-b23e-42ae-9661-4bffc7a8dcdf,Stillaguamish salmon and gamefish 2023-24,75159b97-84ed-4872-a635-22a8e517f9fa,Riverscene County Park,Site,Index,5,5,NA,NA,NA,NA,2023-09-16,2023,2023-09-27,Stillaguamish - SF,Stillaguamish River - South Fork,County Park bank access,33.5,33.5,creel.vw_fishery_location,2026-09-02 16:47:56 PDT
0101dc49-35fc-4cb9-aa60-9df9a7c08dae,42556070-6cbf-432d-a905-a91a395c377b,6a4ce41b-53e8-46a9-aaa5-13c56e33d0e7,3f092596-b23e-42ae-9661-4bffc7a8dcdf,Stillaguamish salmon and gamefish 2023-24,0c60b7a9-8028-4698-9d55-4dd606d7757d,Mouth of Jim Creek,Site,Index,5,5,NA,NA,NA,NA,2023-09-16,2023,2023-09-27,Stillaguamish - SF,Stillaguamish River - South Fork,Foot access on the SF from the mouth of Jim Creek,21.6,21.6,creel.vw_fishery_location,2026-09-02 16:47:56 PDT
385a1304-d291-436e-ae39-7f3e50cec0c6,42556070-6cbf-432d-a905-a91a395c377b,6a4ce41b-53e8-46a9-aaa5-13c56e33d0e7,3f092596-b23e-42ae-9661-4bffc7a8dcdf,Stillaguamish salmon and gamefish 2023-24,1fd03b69-7a37-4b5c-af00-c109af70a5a2,Jordan Bridge,Site,Index,5,5,NA,NA,NA,NA,2023-09-16,2023,2023-09-27,Stillaguamish - SF,Stillaguamish River - South Fork,Foot access under the bridge to the SF,26,26,creel.vw_fishery_location,2026-09-02 16:47:56 PDT
f0659503-a161-46c1-a1fb-d5acd09916b6,42556070-6cbf-432d-a905-a91a395c377b,6a4ce41b-53e8-46a9-aaa5-13c56e33d0e7,3f092596-b23e-42ae-9661-4bffc7a8dcdf,Stillaguamish salmon and gamefish 2023-24,f4b36b4e-7195-41d2-96d2-6644cf76cbc7,Engebretsen Rd,Site,Index,5,5,NA,NA,NA,NA,2023-09-16,2023,2023-09-27,Stillaguamish - SF,Stillaguamish River - South Fork,Engebretsen Rd,31.5,31,creel.vw_fishery_location,2026-09-02 16:47:56 PDT
03ed17e7-0b5b-4348-aec2-1ae2e6dfda57,42556070-6cbf-432d-a905-a91a395c377b,6a4ce41b-53e8-46a9-aaa5-13c56e33d0e7,3f092596-b23e-42ae-9661-4bffc7a8dcdf,Stillaguamish salmon and gamefish 2023-24,a6c0166b-06f0-4192-95ed-771e7dd62303,River Meadows,Site,Index,5,5,NA,NA,NA,NA,2023-09-16,2023,2023-09-27,Stillaguamish - SF,Stillaguamish River - South Fork,County Park bank access,23,22,creel.vw_fishery_location,2026-09-02 16:47:56 PDT
37143512-e518-4848-829f-860801cb97a7,42556070-6cbf-432d-a905-a91a395c377b,42ae3d95-f9f6-4596-a0e4-78705c350772,3f092596-b23e-42ae-9661-4bffc7a8dcdf,Stillaguamish salmon and gamefish 2023-24,49ac07a8-1a96-4ff7-b900-6a27689934d5,Twin Rivers Park,Site,Index,5,5,NA,NA,NA,NA,2023-09-16,2023,2023-09-27,Stillaguamish - NF,Stillaguamish River - North Fork,Foot access to the mouth of the NF,0,0,creel.vw_fishery_location,2026-09-02 16:47:56 PDT
97437a0d-10ac-4522-a16b-4e0039b49d6c,08720c82-e118-40ef-922b-492fdbbb4fea,2330cf88-932e-4322-bcee-a542b85451a9,3f092596-b23e-42ae-9661-4bffc7a8dcdf,Stillaguamish salmon and gamefish 2024-25,ed4f5489-7187-4d2d-a1a1-35c3de971248,Marine Dr to I5,Section,Census,2,2,1,1,NA,NA,2024-09-16,2024,2024-11-30,Stillaguamish - MS,Stillaguamish River,Marine Dr to I5,11,1.5,creel.vw_fishery_location,2026-09-02 16:47:56 PDT
242e1378-6390-42f0-80c7-1b554994307b,08720c82-e118-40ef-922b-492fdbbb4fea,2330cf88-932e-4322-bcee-a542b85451a9,3f092596-b23e-42ae-9661-4bffc7a8dcdf,Stillaguamish salmon and gamefish 2024-25,a7f2ae76-54b1-4e8f-9ace-afe7ffb64db0,Old Stilly River Bridge,Site,Index,2,2,NA,NA,NA,NA,2024-09-16,2024,2024-11-30,Stillaguamish - MS,Stillaguamish River,Old Stilly River Bridge,7.3,7.3,creel.vw_fishery_location,2026-09-02 16:47:56 PDT
90cf63bf-66c1-4b56-a2e0-7f1f49ea0edb,08720c82-e118-40ef-922b-492fdbbb4fea,2330cf88-932e-4322-bcee-a542b85451a9,3f092596-b23e-42ae-9661-4bffc7a8dcdf,Stillaguamish salmon and gamefish 2024-25,fbe83595-8cd7-48c2-bdf5-a918f0a80d26,Norman Guardrail hole,Site,Index,2,2,NA,NA,NA,NA,2024-09-16,2024,2024-11-30,Stillaguamish - MS,Stillaguamish River,Norman Guardrail hole,4.6,4.6,creel.vw_fishery_location,2026-09-02 16:47:56 PDT
9898f444-31dc-42e9-aa6c-6fb08f8adfda,08720c82-e118-40ef-922b-492fdbbb4fea,2330cf88-932e-4322-bcee-a542b85451a9,3f092596-b23e-42ae-9661-4bffc7a8dcdf,Stillaguamish salmon and gamefish 2024-25,28b5644a-ebb6-425d-b3cf-d292eab84e5a,Hevly Fishing Access,Site,Index,2,2,NA,NA,NA,NA,2024-09-16,2024,2024-11-30,Stillaguamish - MS,Stillaguamish River,Hevly Fishing Access,8,8,creel.vw_fishery_location,2026-09-02 16:47:56 PDT
9e35c4bd-8574-43e4-ab35-0face94b7cb9,08720c82-e118-40ef-922b-492fdbbb4fea,2330cf88-932e-4322-bcee-a542b85451a9,3f092596-b23e-42ae-9661-4bffc7a8dcdf,Stillaguamish salmon and gamefish 2024-25,8f593e7c-88c8-4e77-a375-2b902a62c442,Mainstem Stilly Access,Site,Index,2,2,NA,NA,NA,NA,2024-09-16,2024,2024-11-30,Stillaguamish - MS,Stillaguamish River,Boat access off Boe Rd.,1.5,1.5,creel.vw_fishery_location,2026-09-02 16:47:56 PDT
d1db258e-9006-4c6e-ba06-b0983fd8c6f3,08720c82-e118-40ef-922b-492fdbbb4fea,2330cf88-932e-4322-bcee-a542b85451a9,3f092596-b23e-42ae-9661-4bffc7a8dcdf,Stillaguamish salmon and gamefish 2024-25,2eb4e538-e52e-4695-b43a-c17577e1f8ba,Pilchuck Creek Mouth,Site,Index,2,2,NA,NA,NA,NA,2024-09-16,2024,2024-11-30,Stillaguamish - MS,Stillaguamish River,Foot acces from bridge to the mouth,9.5,9.5,creel.vw_fishery_location,2026-09-02 16:47:56 PDT
f63b4e92-2e16-414b-8708-5b7db5d945cb,08720c82-e118-40ef-922b-492fdbbb4fea,2330cf88-932e-4322-bcee-a542b85451a9,3f092596-b23e-42ae-9661-4bffc7a8dcdf,Stillaguamish salmon and gamefish 2024-25,4f403543-f90e-43db-875a-890f7453f1f2,Larson Rd Bridge,Site,Index,2,2,NA,NA,NA,NA,2024-09-16,2024,2024-11-30,Stillaguamish - MS,Stillaguamish River,Larson Rd Bridge,6.4,6.4,creel.vw_fishery_location,2026-09-02 16:47:56 PDT
dafb7961-3192-4838-bd36-3d86889ea2e9,08720c82-e118-40ef-922b-492fdbbb4fea,2330cf88-932e-4322-bcee-a542b85451a9,3f092596-b23e-42ae-9661-4bffc7a8dcdf,Stillaguamish salmon and gamefish 2024-25,58fd5b00-0cd5-494a-9430-33cee02c1026,RR Overpass (Norman Rd),Site,Index,2,2,NA,NA,NA,NA,2024-09-16,2024,2024-11-30,Stillaguamish - MS,Stillaguamish River,RR Overpass (Norman Rd),6,6,creel.vw_fishery_location,2026-09-02 16:47:56 PDT
7675e818-b5a6-4bff-b3ce-591890a1f3c2,08720c82-e118-40ef-922b-492fdbbb4fea,2330cf88-932e-4322-bcee-a542b85451a9,3f092596-b23e-42ae-9661-4bffc7a8dcdf,Stillaguamish salmon and gamefish 2024-25,746eba31-70b6-4e11-8a2d-82400c4df5a1,STI Trail,Site,Index,2,2,NA,NA,NA,NA,2024-09-16,2024,2024-11-30,Stillaguamish - MS,Stillaguamish River,STI Trail,5.5,5.5,creel.vw_fishery_location,2026-09-02 16:47:56 PDT
709d83ed-1d64-4924-9d0f-33e4d223f938,08720c82-e118-40ef-922b-492fdbbb4fea,2330cf88-932e-4322-bcee-a542b85451a9,3f092596-b23e-42ae-9661-4bffc7a8dcdf,Stillaguamish salmon and gamefish 2024-25,bbcd72ee-3a40-43e6-8e52-efa1dbe60f4a,I5 to confluence of North/South forks,Section,Census,3,3,1,1,NA,NA,2024-09-16,2024,2024-11-30,Stillaguamish - MS,Stillaguamish River,I5 to confluence of North/South forks,17.7,11,creel.vw_fishery_location,2026-09-02 16:47:56 PDT
2eadb986-80a8-44fe-985d-c25e2cf815ba,08720c82-e118-40ef-922b-492fdbbb4fea,2330cf88-932e-4322-bcee-a542b85451a9,3f092596-b23e-42ae-9661-4bffc7a8dcdf,Stillaguamish salmon and gamefish 2024-25,201dc7dc-3266-44cb-8fbd-7f34259539d1,Haller Park,Site,Index,3,3,NA,NA,NA,NA,2024-09-16,2024,2024-11-30,Stillaguamish - MS,Stillaguamish River,Fishing access on the mainstem to the  confluence,17.7,17.7,creel.vw_fishery_location,2026-09-02 16:47:56 PDT
96105ae0-0b10-47e9-b070-8c361cafc459,08720c82-e118-40ef-922b-492fdbbb4fea,2330cf88-932e-4322-bcee-a542b85451a9,3f092596-b23e-42ae-9661-4bffc7a8dcdf,Stillaguamish salmon and gamefish 2024-25,8bf13599-bcb6-4476-9e55-def3449750eb,Twin Rivers Park,Site,Index,3,3,NA,NA,NA,NA,2024-09-16,2024,2024-11-30,Stillaguamish - MS,Stillaguamish River,Foot access to the confluence,17.7,17.7,creel.vw_fishery_location,2026-09-02 16:47:56 PDT
e2079cc5-f226-49b9-9291-3445d49da60d,08720c82-e118-40ef-922b-492fdbbb4fea,2330cf88-932e-4322-bcee-a542b85451a9,3f092596-b23e-42ae-9661-4bffc7a8dcdf,Stillaguamish salmon and gamefish 2024-25,73d5e041-25a3-49a5-823c-06836feb7600,I5 Stillaguamish River Bridge,Site,Index,3,3,NA,NA,NA,NA,2024-09-16,2024,2024-11-30,Stillaguamish - MS,Stillaguamish River,I5 Stillaguamish River Bridge,11,11,creel.vw_fishery_location,2026-09-02 16:47:56 PDT
a01304cc-bc9d-4128-b80e-2a11d8e8d8d8,08720c82-e118-40ef-922b-492fdbbb4fea,2330cf88-932e-4322-bcee-a542b85451a9,3f092596-b23e-42ae-9661-4bffc7a8dcdf,Stillaguamish salmon and gamefish 2024-25,82a5a08d-50a6-4f73-ad97-a49394fac585,Blue Stilly Park,Site,Index,3,3,NA,NA,NA,NA,2024-09-16,2024,2024-11-30,Stillaguamish - MS,Stillaguamish River,WDFW fishing access,12.2,12.2,creel.vw_fishery_location,2026-09-02 16:47:56 PDT
b860a70e-c24f-46e3-9e64-4dcc6678c371,08720c82-e118-40ef-922b-492fdbbb4fea,42ae3d95-f9f6-4596-a0e4-78705c350772,3f092596-b23e-42ae-9661-4bffc7a8dcdf,Stillaguamish salmon and gamefish 2024-25,b46c4173-9a32-40e3-8748-f6bd1966cc84,Mouth of the north fork to Cicero Bridge,Section,Census,4,4,1,1,NA,NA,2024-09-16,2024,2024-11-30,Stillaguamish - NF,Stillaguamish River - North Fork,Mouth of the north fork to Cicero Bridge,9.5,0,creel.vw_fishery_location,2026-09-02 16:47:56 PDT
72ee7744-ae5d-4728-8417-43e61a9f75bf,08720c82-e118-40ef-922b-492fdbbb4fea,42ae3d95-f9f6-4596-a0e4-78705c350772,3f092596-b23e-42ae-9661-4bffc7a8dcdf,Stillaguamish salmon and gamefish 2024-25,1e2b7da9-da9c-4d06-bd99-f23a02da912a,Trafton Access,Site,Index,4,4,NA,NA,NA,NA,2024-09-16,2024,2024-11-30,Stillaguamish - NF,Stillaguamish River - North Fork,WDFW Fishing access,5.1,5.1,creel.vw_fishery_location,2026-09-02 16:47:56 PDT
8a5988ea-610b-457e-91f5-574956ead786,08720c82-e118-40ef-922b-492fdbbb4fea,42ae3d95-f9f6-4596-a0e4-78705c350772,3f092596-b23e-42ae-9661-4bffc7a8dcdf,Stillaguamish salmon and gamefish 2024-25,5a5be7db-72c2-4f3e-80c5-b6eb8f51e310,Cicero Bridge,Site,Index,4,4,NA,NA,NA,NA,2024-09-16,2024,2024-11-30,Stillaguamish - NF,Stillaguamish River - North Fork,Foot access to the river,9.5,9.5,creel.vw_fishery_location,2026-09-02 16:47:56 PDT
ec6cafff-d352-473d-87e3-c377bade8fb0,08720c82-e118-40ef-922b-492fdbbb4fea,42ae3d95-f9f6-4596-a0e4-78705c350772,3f092596-b23e-42ae-9661-4bffc7a8dcdf,Stillaguamish salmon and gamefish 2024-25,49ac07a8-1a96-4ff7-b900-6a27689934d5,Twin Rivers Park,Site,Index,4,4,NA,NA,NA,NA,2024-09-16,2024,2024-11-30,Stillaguamish - NF,Stillaguamish River - North Fork,Foot access to the mouth of the NF,0,0,creel.vw_fishery_location,2026-09-02 16:47:56 PDT
70bbb963-7835-4708-bd7a-de4cb2d87034,08720c82-e118-40ef-922b-492fdbbb4fea,42ae3d95-f9f6-4596-a0e4-78705c350772,3f092596-b23e-42ae-9661-4bffc7a8dcdf,Stillaguamish salmon and gamefish 2024-25,d17410db-1a95-4283-8f2a-5946251aac5e,Cloverdale Park,Site,Index,4,4,NA,NA,NA,NA,2024-09-16,2024,2024-11-30,Stillaguamish - NF,Stillaguamish River - North Fork,Park trail to the river in Trafton,4.5,4.5,creel.vw_fishery_location,2026-09-02 16:47:56 PDT
e7acf479-65de-4f00-983a-7e1e8370bdc0,08720c82-e118-40ef-922b-492fdbbb4fea,42ae3d95-f9f6-4596-a0e4-78705c350772,3f092596-b23e-42ae-9661-4bffc7a8dcdf,Stillaguamish salmon and gamefish 2024-25,11dc59d4-3a11-4a72-99ce-47ada43b8d3b,Cicero bridge upstream to French Creek,Section,Census,5,5,1,1,NA,NA,2024-09-16,2024,2024-11-30,Stillaguamish - NF,Stillaguamish River - North Fork,Cicero bridge upstream to French Creek,24.5,9.5,creel.vw_fishery_location,2026-09-02 16:47:56 PDT
865c70ec-904f-490c-b953-e5334a57600b,08720c82-e118-40ef-922b-492fdbbb4fea,42ae3d95-f9f6-4596-a0e4-78705c350772,3f092596-b23e-42ae-9661-4bffc7a8dcdf,Stillaguamish salmon and gamefish 2024-25,450b2ac0-cbeb-4c45-b569-606b7d005b84,Whittman Rd. Bridge,Site,Index,5,5,NA,NA,NA,NA,2024-09-16,2024,2024-11-30,Stillaguamish - NF,Stillaguamish River - North Fork,Foot access under the Whittman Rd Bridge,18.5,18.5,creel.vw_fishery_location,2026-09-02 16:47:56 PDT
2f4447c4-22f3-49ef-9029-2afcdc730c1a,08720c82-e118-40ef-922b-492fdbbb4fea,42ae3d95-f9f6-4596-a0e4-78705c350772,3f092596-b23e-42ae-9661-4bffc7a8dcdf,Stillaguamish salmon and gamefish 2024-25,debb3b0f-fb17-454e-869a-a47b7c6a91f2,C Post Rd.,Site,Index,5,5,NA,NA,NA,NA,2024-09-16,2024,2024-11-30,Stillaguamish - NF,Stillaguamish River - North Fork,Foot access to the NF from C Post Rd.,21.2,21.2,creel.vw_fishery_location,2026-09-02 16:47:56 PDT
49953a98-705c-4c7c-9b55-625c77b1cca6,08720c82-e118-40ef-922b-492fdbbb4fea,42ae3d95-f9f6-4596-a0e4-78705c350772,3f092596-b23e-42ae-9661-4bffc7a8dcdf,Stillaguamish salmon and gamefish 2024-25,92ffc5ae-74b3-4a87-b1a2-c6f10c6fc71b,Deer Creek Mouth,Site,Index,5,5,NA,NA,NA,NA,2024-09-16,2024,2024-11-30,Stillaguamish - NF,Stillaguamish River - North Fork,Foot access around the mouth of Deer Creek,14.3,14.3,creel.vw_fishery_location,2026-09-02 16:47:56 PDT
0a643d4f-4847-41b9-939d-77aa1b7657db,08720c82-e118-40ef-922b-492fdbbb4fea,42ae3d95-f9f6-4596-a0e4-78705c350772,3f092596-b23e-42ae-9661-4bffc7a8dcdf,Stillaguamish salmon and gamefish 2024-25,7932fab1-3e88-4378-a9f3-f957e2a96afd,Trading Post,Site,Index,5,5,NA,NA,NA,NA,2024-09-16,2024,2024-11-30,Stillaguamish - NF,Stillaguamish River - North Fork,Trading Post,NA,NA,creel.vw_fishery_location,2026-09-02 16:47:56 PDT
09cbcb6e-e0f5-4178-b4b7-858160336b24,08720c82-e118-40ef-922b-492fdbbb4fea,42ae3d95-f9f6-4596-a0e4-78705c350772,3f092596-b23e-42ae-9661-4bffc7a8dcdf,Stillaguamish salmon and gamefish 2024-25,eb223d65-2c8c-4a8a-83a4-0abd64d6b34d,Hazel Hole,Site,Index,5,5,NA,NA,NA,NA,2024-09-16,2024,2024-11-30,Stillaguamish - NF,Stillaguamish River - North Fork,Foot access off HWY 530 from the whitehorse trail in the town of Hazel,22.1,22.1,creel.vw_fishery_location,2026-09-02 16:47:56 PDT
a6f34e36-a1b3-4332-a556-b98c6d4f2b9e,08720c82-e118-40ef-922b-492fdbbb4fea,42ae3d95-f9f6-4596-a0e4-78705c350772,3f092596-b23e-42ae-9661-4bffc7a8dcdf,Stillaguamish salmon and gamefish 2024-25,8e7b9ab9-b93b-4434-bfee-8fb45f5b568c,N Brooks Creek Rd (Whitehorse trail access),Site,Index,5,5,NA,NA,NA,NA,2024-09-16,2024,2024-11-30,Stillaguamish - NF,Stillaguamish River - North Fork,Foot access to the NF from the whitehorse trail in the town of Oso,16,16,creel.vw_fishery_location,2026-09-02 16:47:56 PDT
398e018f-1870-4a17-b188-88a9f4e5ff2d,08720c82-e118-40ef-922b-492fdbbb4fea,42ae3d95-f9f6-4596-a0e4-78705c350772,3f092596-b23e-42ae-9661-4bffc7a8dcdf,Stillaguamish salmon and gamefish 2024-25,dc91ae38-0ff5-4c5e-9c21-1953d7f81960,from Swede Heaven Bridge to NF Falls (approx 1 mile upstream Cascade Creek),Section,Census,6,6,1,1,NA,NA,2024-09-16,2024,2024-11-30,Stillaguamish - NF,Stillaguamish River - North Fork,from Swede Heaven Bridge to NF Falls (approx 1 mile upstream Cascade Creek),37.5,30,creel.vw_fishery_location,2026-09-02 16:47:56 PDT
e5a14211-2a11-461a-ba68-0a0dae1f1717,08720c82-e118-40ef-922b-492fdbbb4fea,42ae3d95-f9f6-4596-a0e4-78705c350772,3f092596-b23e-42ae-9661-4bffc7a8dcdf,Stillaguamish salmon and gamefish 2024-25,2a84fbfd-b40b-4071-830b-0f940d0790c1,French Creek to Swede Heaven Bridge,Section,Census,6,6,1,1,NA,NA,2024-09-16,2024,2024-11-30,Stillaguamish - NF,Stillaguamish River - North Fork,French Creek to Swede Heaven Bridge,30,24.5,creel.vw_fishery_location,2026-09-02 16:47:56 PDT
1a3c5e2e-8d96-4c87-bba1-984c295ecfbe,08720c82-e118-40ef-922b-492fdbbb4fea,42ae3d95-f9f6-4596-a0e4-78705c350772,3f092596-b23e-42ae-9661-4bffc7a8dcdf,Stillaguamish salmon and gamefish 2024-25,1347f59e-f4f0-4305-b33a-7eb99a727ac2,Fortson Park/Ponds,Site,Index,6,6,NA,NA,NA,NA,2024-09-16,2024,2024-11-30,Stillaguamish - NF,Stillaguamish River - North Fork,WDFW fishing access to the NF and Ponds in the park,27.8,27.8,creel.vw_fishery_location,2026-09-02 16:47:56 PDT
5df46ec7-7dfa-4281-8a8b-78eaf234a567,08720c82-e118-40ef-922b-492fdbbb4fea,42ae3d95-f9f6-4596-a0e4-78705c350772,3f092596-b23e-42ae-9661-4bffc7a8dcdf,Stillaguamish salmon and gamefish 2024-25,900fb3fc-bb8e-4f88-8d38-af927b8da94d,WDFW Swede Heaven Access,Site,Index,6,6,NA,NA,NA,NA,2024-09-16,2024,2024-11-30,Stillaguamish - NF,Stillaguamish River - North Fork,WDFW Swede Heaven Access,27.8,27.8,creel.vw_fishery_location,2026-09-02 16:47:56 PDT
8f7a4ce5-091b-499f-a920-ec3e2886e4e6,08720c82-e118-40ef-922b-492fdbbb4fea,42ae3d95-f9f6-4596-a0e4-78705c350772,3f092596-b23e-42ae-9661-4bffc7a8dcdf,Stillaguamish salmon and gamefish 2024-25,9911bbd8-c7a7-46fe-a63e-2959934273ab,Swede Heaven Bridge,Site,Index,6,6,NA,NA,NA,NA,2024-09-16,2024,2024-11-30,Stillaguamish - NF,Stillaguamish River - North Fork,Foot access under the Swede Heaven Bridge,30,30,creel.vw_fishery_location,2026-09-02 16:47:56 PDT
815cf19b-eb43-4350-b358-f82ec84af4fb,08720c82-e118-40ef-922b-492fdbbb4fea,6a4ce41b-53e8-46a9-aaa5-13c56e33d0e7,3f092596-b23e-42ae-9661-4bffc7a8dcdf,Stillaguamish salmon and gamefish 2024-25,9e03b69b-744b-4371-bbbb-8055ad5105eb,Mouth of the south fork to Granite Falls,Section,Census,7,7,1,1,NA,NA,2024-09-16,2024,2024-11-30,Stillaguamish - SF,Stillaguamish River - South Fork,Mouth of the south fork to Granite Falls,34.2,17.7,creel.vw_fishery_location,2026-09-02 16:47:56 PDT
4a012a5e-4c1e-4069-91a9-a2abf4f7d77d,08720c82-e118-40ef-922b-492fdbbb4fea,6a4ce41b-53e8-46a9-aaa5-13c56e33d0e7,3f092596-b23e-42ae-9661-4bffc7a8dcdf,Stillaguamish salmon and gamefish 2024-25,75bd2189-a900-41ee-8351-d493ea0ae039,Twin Rivers Park,Site,Index,7,7,NA,NA,NA,NA,2024-09-16,2024,2024-11-30,Stillaguamish - SF,Stillaguamish River - South Fork,Foot access to the mouth of the SF,0,0,creel.vw_fishery_location,2026-09-02 16:47:56 PDT
fe449bdb-52d5-4c9b-b194-834012f0f5e5,08720c82-e118-40ef-922b-492fdbbb4fea,6a4ce41b-53e8-46a9-aaa5-13c56e33d0e7,3f092596-b23e-42ae-9661-4bffc7a8dcdf,Stillaguamish salmon and gamefish 2024-25,a6c0166b-06f0-4192-95ed-771e7dd62303,River Meadows,Site,Index,7,7,NA,NA,NA,NA,2024-09-16,2024,2024-11-30,Stillaguamish - SF,Stillaguamish River - South Fork,County Park bank access,23,22,creel.vw_fishery_location,2026-09-02 16:47:56 PDT
f071937b-f16e-4fbb-9e4d-a8c632c10ceb,08720c82-e118-40ef-922b-492fdbbb4fea,6a4ce41b-53e8-46a9-aaa5-13c56e33d0e7,3f092596-b23e-42ae-9661-4bffc7a8dcdf,Stillaguamish salmon and gamefish 2024-25,75159b97-84ed-4872-a635-22a8e517f9fa,Riverscene County Park,Site,Index,7,7,NA,NA,NA,NA,2024-09-16,2024,2024-11-30,Stillaguamish - SF,Stillaguamish River - South Fork,County Park bank access,33.5,33.5,creel.vw_fishery_location,2026-09-02 16:47:56 PDT
a7113cc5-0d8a-4fdf-be8e-0ade5c98e1ff,08720c82-e118-40ef-922b-492fdbbb4fea,6a4ce41b-53e8-46a9-aaa5-13c56e33d0e7,3f092596-b23e-42ae-9661-4bffc7a8dcdf,Stillaguamish salmon and gamefish 2024-25,f4b36b4e-7195-41d2-96d2-6644cf76cbc7,Engebretsen Rd,Site,Index,7,7,NA,NA,NA,NA,2024-09-16,2024,2024-11-30,Stillaguamish - SF,Stillaguamish River - South Fork,Engebretsen Rd,31.5,31,creel.vw_fishery_location,2026-09-02 16:47:56 PDT
ff5a240a-8aee-460e-bcdc-e9f2098e16c1,08720c82-e118-40ef-922b-492fdbbb4fea,6a4ce41b-53e8-46a9-aaa5-13c56e33d0e7,3f092596-b23e-42ae-9661-4bffc7a8dcdf,Stillaguamish salmon and gamefish 2024-25,1fd03b69-7a37-4b5c-af00-c109af70a5a2,Jordan Bridge,Site,Index,7,7,NA,NA,NA,NA,2024-09-16,2024,2024-11-30,Stillaguamish - SF,Stillaguamish River - South Fork,Foot access under the bridge to the SF,26,26,creel.vw_fishery_location,2026-09-02 16:47:56 PDT
2ed7b41b-3e0e-4a01-8cfe-b7e8cb9eab68,08720c82-e118-40ef-922b-492fdbbb4fea,6a4ce41b-53e8-46a9-aaa5-13c56e33d0e7,3f092596-b23e-42ae-9661-4bffc7a8dcdf,Stillaguamish salmon and gamefish 2024-25,0c60b7a9-8028-4698-9d55-4dd606d7757d,Mouth of Jim Creek,Site,Index,7,7,NA,NA,NA,NA,2024-09-16,2024,2024-11-30,Stillaguamish - SF,Stillaguamish River - South Fork,Foot access on the SF from the mouth of Jim Creek,21.6,21.6,creel.vw_fishery_location,2026-09-02 16:47:56 PDT
64d7e5ba-4873-4012-83c4-b57b8d6b57c6,72d75dbf-809f-42f2-9bb6-f8183a6685f9,2330cf88-932e-4322-bcee-a542b85451a9,3f092596-b23e-42ae-9661-4bffc7a8dcdf,Stillaguamish salmon and gamefish 2025-26,ed4f5489-7187-4d2d-a1a1-35c3de971248,Marine Dr to I5,Section,Census,1,1,1,1,NA,NA,2025-09-01,2025,2025-10-31,Stillaguamish - MS,Stillaguamish River,Marine Dr to I5,11,1.5,creel.vw_fishery_location,2026-09-02 16:47:56 PDT
f86b0c2b-e7e4-43f7-bcc1-e964f679aee0,72d75dbf-809f-42f2-9bb6-f8183a6685f9,2330cf88-932e-4322-bcee-a542b85451a9,3f092596-b23e-42ae-9661-4bffc7a8dcdf,Stillaguamish salmon and gamefish 2025-26,fbe83595-8cd7-48c2-bdf5-a918f0a80d26,Norman Guardrail hole,Site,Index,1,1,NA,NA,NA,NA,2025-09-01,2025,2025-10-31,Stillaguamish - MS,Stillaguamish River,Norman Guardrail hole,4.6,4.6,creel.vw_fishery_location,2026-09-02 16:47:56 PDT
e07ad17a-f5e3-4662-bb09-01c9cb43a969,72d75dbf-809f-42f2-9bb6-f8183a6685f9,2330cf88-932e-4322-bcee-a542b85451a9,3f092596-b23e-42ae-9661-4bffc7a8dcdf,Stillaguamish salmon and gamefish 2025-26,a7f2ae76-54b1-4e8f-9ace-afe7ffb64db0,Old Stilly River Bridge,Site,Index,1,1,NA,NA,NA,NA,2025-09-01,2025,2025-10-31,Stillaguamish - MS,Stillaguamish River,Old Stilly River Bridge,7.3,7.3,creel.vw_fishery_location,2026-09-02 16:47:56 PDT
d952b54a-a1ad-40a4-8c3c-6bbfaf5d556f,72d75dbf-809f-42f2-9bb6-f8183a6685f9,2330cf88-932e-4322-bcee-a542b85451a9,3f092596-b23e-42ae-9661-4bffc7a8dcdf,Stillaguamish salmon and gamefish 2025-26,2eb4e538-e52e-4695-b43a-c17577e1f8ba,Pilchuck Creek Mouth,Site,Index,1,1,NA,NA,NA,NA,2025-09-01,2025,2025-10-31,Stillaguamish - MS,Stillaguamish River,Foot acces from bridge to the mouth,9.5,9.5,creel.vw_fishery_location,2026-09-02 16:47:56 PDT
87db57b7-408e-431a-9902-da74ab78d8d0,72d75dbf-809f-42f2-9bb6-f8183a6685f9,2330cf88-932e-4322-bcee-a542b85451a9,3f092596-b23e-42ae-9661-4bffc7a8dcdf,Stillaguamish salmon and gamefish 2025-26,4f403543-f90e-43db-875a-890f7453f1f2,Larson Rd Bridge,Site,Index,1,1,NA,NA,NA,NA,2025-09-01,2025,2025-10-31,Stillaguamish - MS,Stillaguamish River,Larson Rd Bridge,6.4,6.4,creel.vw_fishery_location,2026-09-02 16:47:56 PDT
1a5008c9-6d82-4f47-a9a9-98861f541937,72d75dbf-809f-42f2-9bb6-f8183a6685f9,2330cf88-932e-4322-bcee-a542b85451a9,3f092596-b23e-42ae-9661-4bffc7a8dcdf,Stillaguamish salmon and gamefish 2025-26,58fd5b00-0cd5-494a-9430-33cee02c1026,RR Overpass (Norman Rd),Site,Index,1,1,NA,NA,NA,NA,2025-09-01,2025,2025-10-31,Stillaguamish - MS,Stillaguamish River,RR Overpass (Norman Rd),6,6,creel.vw_fishery_location,2026-09-02 16:47:56 PDT
40c5c30d-856f-43c5-bcea-9117bac371f5,72d75dbf-809f-42f2-9bb6-f8183a6685f9,2330cf88-932e-4322-bcee-a542b85451a9,3f092596-b23e-42ae-9661-4bffc7a8dcdf,Stillaguamish salmon and gamefish 2025-26,28b5644a-ebb6-425d-b3cf-d292eab84e5a,Hevly Fishing Access,Site,Index,1,1,NA,NA,NA,NA,2025-09-01,2025,2025-10-31,Stillaguamish - MS,Stillaguamish River,Hevly Fishing Access,8,8,creel.vw_fishery_location,2026-09-02 16:47:56 PDT
5b236d0f-28b1-4305-9fb2-c42423dc6f11,72d75dbf-809f-42f2-9bb6-f8183a6685f9,2330cf88-932e-4322-bcee-a542b85451a9,3f092596-b23e-42ae-9661-4bffc7a8dcdf,Stillaguamish salmon and gamefish 2025-26,8f593e7c-88c8-4e77-a375-2b902a62c442,Mainstem Stilly Access,Site,Index,1,1,NA,NA,NA,NA,2025-09-01,2025,2025-10-31,Stillaguamish - MS,Stillaguamish River,Boat access off Boe Rd.,1.5,1.5,creel.vw_fishery_location,2026-09-02 16:47:56 PDT
ea16645b-3556-4941-a638-fe17b3c06ecd,72d75dbf-809f-42f2-9bb6-f8183a6685f9,2330cf88-932e-4322-bcee-a542b85451a9,3f092596-b23e-42ae-9661-4bffc7a8dcdf,Stillaguamish salmon and gamefish 2025-26,746eba31-70b6-4e11-8a2d-82400c4df5a1,STI Trail,Site,Index,1,1,NA,NA,NA,NA,2025-09-01,2025,2025-10-31,Stillaguamish - MS,Stillaguamish River,STI Trail,5.5,5.5,creel.vw_fishery_location,2026-09-02 16:47:56 PDT
b9488f1f-84ef-4494-b782-7a08f7a3839a,72d75dbf-809f-42f2-9bb6-f8183a6685f9,2330cf88-932e-4322-bcee-a542b85451a9,3f092596-b23e-42ae-9661-4bffc7a8dcdf,Stillaguamish salmon and gamefish 2025-26,bbcd72ee-3a40-43e6-8e52-efa1dbe60f4a,I5 to confluence of North/South forks,Section,Census,2,2,1,1,NA,NA,2025-09-01,2025,2025-10-31,Stillaguamish - MS,Stillaguamish River,I5 to confluence of North/South forks,17.7,11,creel.vw_fishery_location,2026-09-02 16:47:56 PDT
ea6e5eca-d502-40c2-9a10-679a67fbe78a,72d75dbf-809f-42f2-9bb6-f8183a6685f9,2330cf88-932e-4322-bcee-a542b85451a9,3f092596-b23e-42ae-9661-4bffc7a8dcdf,Stillaguamish salmon and gamefish 2025-26,82a5a08d-50a6-4f73-ad97-a49394fac585,Blue Stilly Park,Site,Index,2,2,NA,NA,NA,NA,2025-09-01,2025,2025-10-31,Stillaguamish - MS,Stillaguamish River,WDFW fishing access,12.2,12.2,creel.vw_fishery_location,2026-09-02 16:47:56 PDT
a05b44c9-dc90-49a2-8f4c-83571acc826f,72d75dbf-809f-42f2-9bb6-f8183a6685f9,2330cf88-932e-4322-bcee-a542b85451a9,3f092596-b23e-42ae-9661-4bffc7a8dcdf,Stillaguamish salmon and gamefish 2025-26,8bf13599-bcb6-4476-9e55-def3449750eb,Twin Rivers Park,Site,Index,2,2,NA,NA,NA,NA,2025-09-01,2025,2025-10-31,Stillaguamish - MS,Stillaguamish River,Foot access to the confluence,17.7,17.7,creel.vw_fishery_location,2026-09-02 16:47:56 PDT
1e9a3241-9152-4f2e-b278-700a6cad0d4b,72d75dbf-809f-42f2-9bb6-f8183a6685f9,2330cf88-932e-4322-bcee-a542b85451a9,3f092596-b23e-42ae-9661-4bffc7a8dcdf,Stillaguamish salmon and gamefish 2025-26,73d5e041-25a3-49a5-823c-06836feb7600,I5 Stillaguamish River Bridge,Site,Index,2,2,NA,NA,NA,NA,2025-09-01,2025,2025-10-31,Stillaguamish - MS,Stillaguamish River,I5 Stillaguamish River Bridge,11,11,creel.vw_fishery_location,2026-09-02 16:47:56 PDT
7c231017-ffcd-4887-8188-d6601ce2619d,72d75dbf-809f-42f2-9bb6-f8183a6685f9,2330cf88-932e-4322-bcee-a542b85451a9,3f092596-b23e-42ae-9661-4bffc7a8dcdf,Stillaguamish salmon and gamefish 2025-26,201dc7dc-3266-44cb-8fbd-7f34259539d1,Haller Park,Site,Index,2,2,NA,NA,NA,NA,2025-09-01,2025,2025-10-31,Stillaguamish - MS,Stillaguamish River,Fishing access on the mainstem to the  confluence,17.7,17.7,creel.vw_fishery_location,2026-09-02 16:47:56 PDT
d4133e52-1569-45ec-a303-85673dee1bcb,72d75dbf-809f-42f2-9bb6-f8183a6685f9,42ae3d95-f9f6-4596-a0e4-78705c350772,3f092596-b23e-42ae-9661-4bffc7a8dcdf,Stillaguamish salmon and gamefish 2025-26,b46c4173-9a32-40e3-8748-f6bd1966cc84,Mouth of the north fork to Cicero Bridge,Section,Census,3,3,1,1,NA,NA,2025-09-01,2025,2025-10-31,Stillaguamish - NF,Stillaguamish River - North Fork,Mouth of the north fork to Cicero Bridge,9.5,0,creel.vw_fishery_location,2026-09-02 16:47:56 PDT
257458ce-57b2-45ab-a478-0c5fe369616e,72d75dbf-809f-42f2-9bb6-f8183a6685f9,42ae3d95-f9f6-4596-a0e4-78705c350772,3f092596-b23e-42ae-9661-4bffc7a8dcdf,Stillaguamish salmon and gamefish 2025-26,d17410db-1a95-4283-8f2a-5946251aac5e,Cloverdale Park,Site,Index,3,3,NA,NA,NA,NA,2025-09-01,2025,2025-10-31,Stillaguamish - NF,Stillaguamish River - North Fork,Park trail to the river in Trafton,4.5,4.5,creel.vw_fishery_location,2026-09-02 16:47:56 PDT
c7f67fa0-3849-4dc5-bdd7-88749b20abe7,72d75dbf-809f-42f2-9bb6-f8183a6685f9,42ae3d95-f9f6-4596-a0e4-78705c350772,3f092596-b23e-42ae-9661-4bffc7a8dcdf,Stillaguamish salmon and gamefish 2025-26,5a5be7db-72c2-4f3e-80c5-b6eb8f51e310,Cicero Bridge,Site,Index,3,3,NA,NA,NA,NA,2025-09-01,2025,2025-10-31,Stillaguamish - NF,Stillaguamish River - North Fork,Foot access to the river,9.5,9.5,creel.vw_fishery_location,2026-09-02 16:47:56 PDT
f4f84107-b928-4929-9087-fb24cf02f4eb,72d75dbf-809f-42f2-9bb6-f8183a6685f9,42ae3d95-f9f6-4596-a0e4-78705c350772,3f092596-b23e-42ae-9661-4bffc7a8dcdf,Stillaguamish salmon and gamefish 2025-26,1e2b7da9-da9c-4d06-bd99-f23a02da912a,Trafton Access,Site,Index,3,3,NA,NA,NA,NA,2025-09-01,2025,2025-10-31,Stillaguamish - NF,Stillaguamish River - North Fork,WDFW Fishing access,5.1,5.1,creel.vw_fishery_location,2026-09-02 16:47:56 PDT
